-- MySQL dump 10.13  Distrib 5.7.25, for Win32 (AMD64)
--
-- Host: localhost    Database: homestead
-- ------------------------------------------------------
-- Server version	5.7.25

/*!40101 SET @OLD_CHARACTER_SET_CLIENT=@@CHARACTER_SET_CLIENT */;
/*!40101 SET @OLD_CHARACTER_SET_RESULTS=@@CHARACTER_SET_RESULTS */;
/*!40101 SET @OLD_COLLATION_CONNECTION=@@COLLATION_CONNECTION */;
/*!40101 SET NAMES utf8 */;
/*!40103 SET @OLD_TIME_ZONE=@@TIME_ZONE */;
/*!40103 SET TIME_ZONE='+00:00' */;
/*!40014 SET @OLD_UNIQUE_CHECKS=@@UNIQUE_CHECKS, UNIQUE_CHECKS=0 */;
/*!40014 SET @OLD_FOREIGN_KEY_CHECKS=@@FOREIGN_KEY_CHECKS, FOREIGN_KEY_CHECKS=0 */;
/*!40101 SET @OLD_SQL_MODE=@@SQL_MODE, SQL_MODE='NO_AUTO_VALUE_ON_ZERO' */;
/*!40111 SET @OLD_SQL_NOTES=@@SQL_NOTES, SQL_NOTES=0 */;

--
-- Table structure for table `article_category`
--

DROP TABLE IF EXISTS `article_category`;
/*!40101 SET @saved_cs_client     = @@character_set_client */;
/*!40101 SET character_set_client = utf8 */;
CREATE TABLE `article_category` (
  `id` int(10) unsigned NOT NULL AUTO_INCREMENT,
  `article_id` int(10) unsigned NOT NULL DEFAULT '1',
  `category_id` int(10) unsigned NOT NULL DEFAULT '1',
  PRIMARY KEY (`id`),
  KEY `article_category_article_id_foreign` (`article_id`),
  KEY `article_category_category_id_foreign` (`category_id`),
  CONSTRAINT `article_category_article_id_foreign` FOREIGN KEY (`article_id`) REFERENCES `articles` (`id`) ON DELETE CASCADE ON UPDATE CASCADE,
  CONSTRAINT `article_category_category_id_foreign` FOREIGN KEY (`category_id`) REFERENCES `categories` (`id`) ON DELETE CASCADE ON UPDATE CASCADE
) ENGINE=InnoDB DEFAULT CHARSET=utf8mb4 COLLATE=utf8mb4_unicode_ci;
/*!40101 SET character_set_client = @saved_cs_client */;

--
-- Dumping data for table `article_category`
--

LOCK TABLES `article_category` WRITE;
/*!40000 ALTER TABLE `article_category` DISABLE KEYS */;
/*!40000 ALTER TABLE `article_category` ENABLE KEYS */;
UNLOCK TABLES;

--
-- Table structure for table `article_tag`
--

DROP TABLE IF EXISTS `article_tag`;
/*!40101 SET @saved_cs_client     = @@character_set_client */;
/*!40101 SET character_set_client = utf8 */;
CREATE TABLE `article_tag` (
  `id` int(10) unsigned NOT NULL AUTO_INCREMENT,
  `article_id` int(10) unsigned NOT NULL DEFAULT '1',
  `tag_id` int(10) unsigned NOT NULL DEFAULT '1',
  PRIMARY KEY (`id`),
  KEY `article_tag_article_id_foreign` (`article_id`),
  KEY `article_tag_tag_id_foreign` (`tag_id`),
  CONSTRAINT `article_tag_article_id_foreign` FOREIGN KEY (`article_id`) REFERENCES `articles` (`id`) ON DELETE CASCADE ON UPDATE CASCADE,
  CONSTRAINT `article_tag_tag_id_foreign` FOREIGN KEY (`tag_id`) REFERENCES `tags` (`id`) ON DELETE CASCADE ON UPDATE CASCADE
) ENGINE=InnoDB DEFAULT CHARSET=utf8mb4 COLLATE=utf8mb4_unicode_ci;
/*!40101 SET character_set_client = @saved_cs_client */;

--
-- Dumping data for table `article_tag`
--

LOCK TABLES `article_tag` WRITE;
/*!40000 ALTER TABLE `article_tag` DISABLE KEYS */;
/*!40000 ALTER TABLE `article_tag` ENABLE KEYS */;
UNLOCK TABLES;

--
-- Table structure for table `article_user`
--

DROP TABLE IF EXISTS `article_user`;
/*!40101 SET @saved_cs_client     = @@character_set_client */;
/*!40101 SET character_set_client = utf8 */;
CREATE TABLE `article_user` (
  `id` int(10) unsigned NOT NULL AUTO_INCREMENT,
  `article_id` int(10) unsigned NOT NULL DEFAULT '1',
  `user_id` int(10) unsigned NOT NULL DEFAULT '1',
  PRIMARY KEY (`id`),
  KEY `article_user_article_id_foreign` (`article_id`),
  KEY `article_user_user_id_foreign` (`user_id`),
  CONSTRAINT `article_user_article_id_foreign` FOREIGN KEY (`article_id`) REFERENCES `articles` (`id`) ON DELETE CASCADE ON UPDATE CASCADE,
  CONSTRAINT `article_user_user_id_foreign` FOREIGN KEY (`user_id`) REFERENCES `users` (`id`) ON DELETE CASCADE ON UPDATE CASCADE
) ENGINE=InnoDB DEFAULT CHARSET=utf8mb4 COLLATE=utf8mb4_unicode_ci;
/*!40101 SET character_set_client = @saved_cs_client */;

--
-- Dumping data for table `article_user`
--

LOCK TABLES `article_user` WRITE;
/*!40000 ALTER TABLE `article_user` DISABLE KEYS */;
/*!40000 ALTER TABLE `article_user` ENABLE KEYS */;
UNLOCK TABLES;

--
-- Table structure for table `articles`
--

DROP TABLE IF EXISTS `articles`;
/*!40101 SET @saved_cs_client     = @@character_set_client */;
/*!40101 SET character_set_client = utf8 */;
CREATE TABLE `articles` (
  `id` int(10) unsigned NOT NULL AUTO_INCREMENT,
  `alias` varchar(255) COLLATE utf8mb4_unicode_ci NOT NULL,
  `position` int(11) NOT NULL DEFAULT '1',
  `doi` varchar(100) COLLATE utf8mb4_unicode_ci DEFAULT NULL,
  `udk` varchar(100) COLLATE utf8mb4_unicode_ci DEFAULT NULL,
  `stol` tinyint(1) NOT NULL DEFAULT '0',
  `date_arrival` timestamp NULL DEFAULT NULL,
  `date_review` timestamp NULL DEFAULT NULL,
  `applications` text COLLATE utf8mb4_unicode_ci,
  `finance` text COLLATE utf8mb4_unicode_ci,
  `file_audio` varchar(255) COLLATE utf8mb4_unicode_ci DEFAULT NULL,
  `created_at` timestamp NULL DEFAULT NULL,
  `updated_at` timestamp NULL DEFAULT NULL,
  `status_id` int(10) unsigned NOT NULL DEFAULT '1',
  `issue_id` int(10) unsigned NOT NULL DEFAULT '1',
  PRIMARY KEY (`id`),
  UNIQUE KEY `articles_alias_unique` (`alias`),
  KEY `articles_status_id_foreign` (`status_id`),
  KEY `articles_issue_id_foreign` (`issue_id`),
  CONSTRAINT `articles_issue_id_foreign` FOREIGN KEY (`issue_id`) REFERENCES `issues` (`id`),
  CONSTRAINT `articles_status_id_foreign` FOREIGN KEY (`status_id`) REFERENCES `status` (`id`)
) ENGINE=InnoDB DEFAULT CHARSET=utf8mb4 COLLATE=utf8mb4_unicode_ci;
/*!40101 SET character_set_client = @saved_cs_client */;

--
-- Dumping data for table `articles`
--

LOCK TABLES `articles` WRITE;
/*!40000 ALTER TABLE `articles` DISABLE KEYS */;
/*!40000 ALTER TABLE `articles` ENABLE KEYS */;
UNLOCK TABLES;

--
-- Table structure for table `categories`
--

DROP TABLE IF EXISTS `categories`;
/*!40101 SET @saved_cs_client     = @@character_set_client */;
/*!40101 SET character_set_client = utf8 */;
CREATE TABLE `categories` (
  `id` int(10) unsigned NOT NULL AUTO_INCREMENT,
  `title_ru` varchar(255) COLLATE utf8mb4_unicode_ci NOT NULL,
  `title_en` varchar(255) COLLATE utf8mb4_unicode_ci NOT NULL,
  `alias` varchar(255) COLLATE utf8mb4_unicode_ci NOT NULL,
  `parent_id` int(11) NOT NULL DEFAULT '0',
  `term_id` int(11) DEFAULT NULL,
  `created_at` timestamp NULL DEFAULT NULL,
  `updated_at` timestamp NULL DEFAULT NULL,
  `used_at` datetime DEFAULT NULL,
  PRIMARY KEY (`id`),
  UNIQUE KEY `categories_alias_unique` (`alias`)
) ENGINE=InnoDB DEFAULT CHARSET=utf8mb4 COLLATE=utf8mb4_unicode_ci;
/*!40101 SET character_set_client = @saved_cs_client */;

--
-- Dumping data for table `categories`
--

LOCK TABLES `categories` WRITE;
/*!40000 ALTER TABLE `categories` DISABLE KEYS */;
/*!40000 ALTER TABLE `categories` ENABLE KEYS */;
UNLOCK TABLES;

--
-- Table structure for table `files`
--

DROP TABLE IF EXISTS `files`;
/*!40101 SET @saved_cs_client     = @@character_set_client */;
/*!40101 SET character_set_client = utf8 */;
CREATE TABLE `files` (
  `id` int(10) unsigned NOT NULL AUTO_INCREMENT,
  `title` varchar(255) COLLATE utf8mb4_unicode_ci NOT NULL,
  `url` varchar(255) COLLATE utf8mb4_unicode_ci NOT NULL,
  `created_at` timestamp NULL DEFAULT NULL,
  `updated_at` timestamp NULL DEFAULT NULL,
  PRIMARY KEY (`id`),
  UNIQUE KEY `files_url_unique` (`url`)
) ENGINE=InnoDB DEFAULT CHARSET=utf8mb4 COLLATE=utf8mb4_unicode_ci;
/*!40101 SET character_set_client = @saved_cs_client */;

--
-- Dumping data for table `files`
--

LOCK TABLES `files` WRITE;
/*!40000 ALTER TABLE `files` DISABLE KEYS */;
/*!40000 ALTER TABLE `files` ENABLE KEYS */;
UNLOCK TABLES;

--
-- Table structure for table `issues`
--

DROP TABLE IF EXISTS `issues`;
/*!40101 SET @saved_cs_client     = @@character_set_client */;
/*!40101 SET character_set_client = utf8 */;
CREATE TABLE `issues` (
  `id` int(10) unsigned NOT NULL AUTO_INCREMENT,
  `year` int(10) unsigned NOT NULL DEFAULT '2000',
  `tom` int(10) unsigned NOT NULL DEFAULT '1',
  `no` int(10) unsigned NOT NULL DEFAULT '1',
  `part` int(10) unsigned NOT NULL DEFAULT '1',
  `full_no` int(10) unsigned NOT NULL DEFAULT '1',
  `file_title_ru` varchar(255) COLLATE utf8mb4_unicode_ci DEFAULT NULL,
  `file_title_en` varchar(255) COLLATE utf8mb4_unicode_ci DEFAULT NULL,
  PRIMARY KEY (`id`)
) ENGINE=InnoDB DEFAULT CHARSET=utf8mb4 COLLATE=utf8mb4_unicode_ci;
/*!40101 SET character_set_client = @saved_cs_client */;

--
-- Dumping data for table `issues`
--

LOCK TABLES `issues` WRITE;
/*!40000 ALTER TABLE `issues` DISABLE KEYS */;
/*!40000 ALTER TABLE `issues` ENABLE KEYS */;
UNLOCK TABLES;

--
-- Table structure for table `jobs`
--

DROP TABLE IF EXISTS `jobs`;
/*!40101 SET @saved_cs_client     = @@character_set_client */;
/*!40101 SET character_set_client = utf8 */;
CREATE TABLE `jobs` (
  `id` int(10) unsigned NOT NULL AUTO_INCREMENT,
  `title_ru` varchar(255) COLLATE utf8mb4_unicode_ci NOT NULL,
  `city_ru` varchar(255) COLLATE utf8mb4_unicode_ci DEFAULT NULL,
  `address_ru` varchar(255) COLLATE utf8mb4_unicode_ci DEFAULT NULL,
  `title_en` varchar(255) COLLATE utf8mb4_unicode_ci DEFAULT NULL,
  `city_en` varchar(255) COLLATE utf8mb4_unicode_ci DEFAULT NULL,
  `address_en` varchar(255) COLLATE utf8mb4_unicode_ci DEFAULT NULL,
  PRIMARY KEY (`id`)
) ENGINE=InnoDB DEFAULT CHARSET=utf8mb4 COLLATE=utf8mb4_unicode_ci;
/*!40101 SET character_set_client = @saved_cs_client */;

--
-- Dumping data for table `jobs`
--

LOCK TABLES `jobs` WRITE;
/*!40000 ALTER TABLE `jobs` DISABLE KEYS */;
/*!40000 ALTER TABLE `jobs` ENABLE KEYS */;
UNLOCK TABLES;

--
-- Table structure for table `menus`
--

DROP TABLE IF EXISTS `menus`;
/*!40101 SET @saved_cs_client     = @@character_set_client */;
/*!40101 SET character_set_client = utf8 */;
CREATE TABLE `menus` (
  `id` int(10) unsigned NOT NULL AUTO_INCREMENT,
  `position` varchar(255) COLLATE utf8mb4_unicode_ci NOT NULL,
  `lang` varchar(255) COLLATE utf8mb4_unicode_ci NOT NULL,
  `title` varchar(255) COLLATE utf8mb4_unicode_ci NOT NULL,
  PRIMARY KEY (`id`)
) ENGINE=InnoDB AUTO_INCREMENT=7 DEFAULT CHARSET=utf8mb4 COLLATE=utf8mb4_unicode_ci;
/*!40101 SET character_set_client = @saved_cs_client */;

--
-- Dumping data for table `menus`
--

LOCK TABLES `menus` WRITE;
/*!40000 ALTER TABLE `menus` DISABLE KEYS */;
INSERT INTO `menus` VALUES (1,'top','ru','Горизантальное (русское)'),(2,'top','en','Горизантальное (английское)'),(3,'sidebar','ru','Вертикальное (русское)'),(4,'sidebar','en','Вертикальное (английское)'),(5,'review','ru','Для рецензирования (русское)'),(6,'review','en','Для рецензирования (английское)');
/*!40000 ALTER TABLE `menus` ENABLE KEYS */;
UNLOCK TABLES;

--
-- Table structure for table `meta_articles`
--

DROP TABLE IF EXISTS `meta_articles`;
/*!40101 SET @saved_cs_client     = @@character_set_client */;
/*!40101 SET character_set_client = utf8 */;
CREATE TABLE `meta_articles` (
  `id` int(10) unsigned NOT NULL AUTO_INCREMENT,
  `article_id` int(10) unsigned NOT NULL DEFAULT '0',
  `lang` varchar(255) COLLATE utf8mb4_unicode_ci NOT NULL,
  `title` varchar(255) COLLATE utf8mb4_unicode_ci NOT NULL,
  `text` text COLLATE utf8mb4_unicode_ci,
  `annotation` text COLLATE utf8mb4_unicode_ci,
  `keywords` text COLLATE utf8mb4_unicode_ci,
  `file` varchar(255) COLLATE utf8mb4_unicode_ci DEFAULT NULL,
  `bibliography` text COLLATE utf8mb4_unicode_ci,
  PRIMARY KEY (`id`),
  KEY `meta_articles_article_id_foreign` (`article_id`),
  CONSTRAINT `meta_articles_article_id_foreign` FOREIGN KEY (`article_id`) REFERENCES `articles` (`id`)
) ENGINE=InnoDB DEFAULT CHARSET=utf8mb4 COLLATE=utf8mb4_unicode_ci;
/*!40101 SET character_set_client = @saved_cs_client */;

--
-- Dumping data for table `meta_articles`
--

LOCK TABLES `meta_articles` WRITE;
/*!40000 ALTER TABLE `meta_articles` DISABLE KEYS */;
/*!40000 ALTER TABLE `meta_articles` ENABLE KEYS */;
UNLOCK TABLES;

--
-- Table structure for table `meta_menus`
--

DROP TABLE IF EXISTS `meta_menus`;
/*!40101 SET @saved_cs_client     = @@character_set_client */;
/*!40101 SET character_set_client = utf8 */;
CREATE TABLE `meta_menus` (
  `id` int(10) unsigned NOT NULL AUTO_INCREMENT,
  `title` varchar(255) COLLATE utf8mb4_unicode_ci NOT NULL,
  `path` varchar(255) COLLATE utf8mb4_unicode_ci NOT NULL DEFAULT '',
  `type` varchar(255) COLLATE utf8mb4_unicode_ci NOT NULL,
  `parent` int(11) DEFAULT NULL,
  `order` int(11) NOT NULL DEFAULT '1',
  `menu_id` int(10) unsigned DEFAULT NULL,
  PRIMARY KEY (`id`),
  KEY `meta_menus_menu_id_foreign` (`menu_id`),
  CONSTRAINT `meta_menus_menu_id_foreign` FOREIGN KEY (`menu_id`) REFERENCES `menus` (`id`)
) ENGINE=InnoDB AUTO_INCREMENT=35 DEFAULT CHARSET=utf8mb4 COLLATE=utf8mb4_unicode_ci;
/*!40101 SET character_set_client = @saved_cs_client */;

--
-- Dumping data for table `meta_menus`
--

LOCK TABLES `meta_menus` WRITE;
/*!40000 ALTER TABLE `meta_menus` DISABLE KEYS */;
INSERT INTO `meta_menus` VALUES (1,'О журнале','','page',0,1,1),(2,'About','','page',0,1,2),(3,'Свежий номер','articles','page',0,2,1),(4,'New issue','articles','page',0,2,2),(5,'Архив','archive','page',0,3,1),(6,'Archive','archive','page',0,3,2),(7,'Редколлегия и Редсовет','redkollegiya','page',0,4,1),(8,'Editorial Board','redkollegiya','page',0,4,2),(9,'Контакты','contacts','page',0,7,1),(10,'Contacts','contacts','page',0,5,2),(16,'Mission of Journal','missiya','page',0,1,4),(18,'Ethic\'s declaration','deklaraciya-ob-etike','page',0,2,4),(20,'Politics of Journal','politics-of-journal','page',0,3,4),(24,'Подписка и покупка','podpiska-i-pokupka','page',0,5,1),(25,'Как подать статью','informaciya-dlya-avtorov','page',0,6,1),(26,'Миссия журнала','missiya','page',0,1,3),(27,'Декларация об этике','deklaraciya-ob-etike','page',0,2,3),(28,'Политика журнала','politics-of-journal','page',0,3,3),(29,'Порядок рецензирования','poryadok-recenzirovaniya','page',0,1,5),(30,'Требования к оформлению рукописи','trebovaniya-k-oformleniyu-rukopisi','page',0,2,5),(31,'Примеры оформления литературы','primery-oformleniya-literatury','page',0,3,5),(32,'Примеры оформления Референс','primeri-oformleniya-referens','page',0,4,5),(33,'Стандарт: \"Сведения об авторе\"','standart-svedeniya-ob-avtore','page',0,5,5),(34,'Стандарт: \"ЗАЯВКА НА ПУБЛИКАЦИЮ СТАТЬИ\"','standart-zayavka-na-publikaciyu-stati','page',0,6,5);
/*!40000 ALTER TABLE `meta_menus` ENABLE KEYS */;
UNLOCK TABLES;

--
-- Table structure for table `meta_pages`
--

DROP TABLE IF EXISTS `meta_pages`;
/*!40101 SET @saved_cs_client     = @@character_set_client */;
/*!40101 SET character_set_client = utf8 */;
CREATE TABLE `meta_pages` (
  `id` int(10) unsigned NOT NULL AUTO_INCREMENT,
  `on` tinyint(1) NOT NULL,
  `lang` varchar(255) COLLATE utf8mb4_unicode_ci NOT NULL,
  `title` varchar(255) COLLATE utf8mb4_unicode_ci DEFAULT NULL,
  `content` text COLLATE utf8mb4_unicode_ci,
  `page_id` int(10) unsigned NOT NULL DEFAULT '0',
  PRIMARY KEY (`id`),
  KEY `meta_pages_page_id_foreign` (`page_id`),
  CONSTRAINT `meta_pages_page_id_foreign` FOREIGN KEY (`page_id`) REFERENCES `pages` (`id`)
) ENGINE=InnoDB AUTO_INCREMENT=35 DEFAULT CHARSET=utf8mb4 COLLATE=utf8mb4_unicode_ci;
/*!40101 SET character_set_client = @saved_cs_client */;

--
-- Dumping data for table `meta_pages`
--

LOCK TABLES `meta_pages` WRITE;
/*!40000 ALTER TABLE `meta_pages` DISABLE KEYS */;
INSERT INTO `meta_pages` VALUES (1,1,'ru','О журнале','<p style=\"text-align:center\"><span style=\"font-size:12pt\"><span style=\"font-family:&quot;Times New Roman&quot;,serif\"><span style=\"font-size:14.0pt\">ISSN (print) 2075-0862&nbsp; &nbsp; &nbsp; &nbsp;ISSN (online) 2658-350X&nbsp; &nbsp; &nbsp; &nbsp; <span style=\"font-size:14.0pt\">Индекс</span> <span style=\"font-size:14.0pt\">Роспечати</span><span style=\"font-size:14.0pt\"> 37150</span></span></span></span></p>\r\n\r\n<p style=\"text-align:center\"><span style=\"font-size:12pt\"><span style=\"font-family:&quot;Times New Roman&quot;,serif\"><strong><span style=\"font-size:24.0pt\">ИДЕИ &nbsp;И &nbsp;ИДЕАЛЫ</span></strong></span></span></p>\r\n\r\n<p style=\"text-align:center\"><span style=\"font-size:12pt\"><span style=\"font-family:&quot;Times New Roman&quot;,serif\">Н А У Ч Н Ы Й&nbsp; Ж У Р Н А Л</span></span></p>\r\n\r\n<p style=\"text-align:center\"><span style=\"font-size:12pt\"><span style=\"font-family:&quot;Times New Roman&quot;,serif\"><span style=\"font-size:14.0pt\">Основан в 2009 году.</span></span></span></p>\r\n\r\n<p style=\"text-align:center\"><span style=\"font-size:12pt\"><span style=\"font-family:&quot;Times New Roman&quot;,serif\"><span style=\"font-size:14.0pt\">Учредители и издатели журнала:</span></span></span></p>\r\n\r\n<p style=\"text-align:center\"><span style=\"font-size:12pt\"><span style=\"font-family:&quot;Times New Roman&quot;,serif\"><span style=\"font-size:14.0pt\">Новосибирский государственный технический университет (НГТУ)</span></span></span></p>\r\n\r\n<p style=\"text-align:center\"><span style=\"font-size:12pt\"><span style=\"font-family:&quot;Times New Roman&quot;,serif\"><span style=\"font-size:14.0pt\">Новосибирский государственный университет&nbsp; экономики и управления &ndash; НИНХ</span></span></span></p>\r\n\r\n<p style=\"text-align:center\"><span style=\"font-size:12pt\"><span style=\"font-family:&quot;Times New Roman&quot;,serif\"><span style=\"font-size:14.0pt\">Свидетельство о регистрации ПИ № ФС 77-34262 от 26 ноября 2008 года, выдано Министерством Российской Федерации</span><br />\r\n<span style=\"font-size:14.0pt\">по делам печати, телерадиовещания и средств массовых коммуникаций</span></span></span></p>\r\n\r\n<p style=\"text-align:center\"><span style=\"font-size:12pt\"><span style=\"font-family:&quot;Times New Roman&quot;,serif\"><span style=\"font-size:14.0pt\">Периодичность издания: 4 номера в календарный год (31.03. 30.06, 30.09, 30.12).</span></span></span></p>\r\n\r\n<p style=\"text-align:center\"><span style=\"font-size:12pt\"><span style=\"font-family:&quot;Times New Roman&quot;,serif\"><span style=\"font-size:14.0pt\">Каждый номер журнала издается в двух томах.</span></span></span></p>\r\n\r\n<p style=\"text-align:center\"><span style=\"font-size:12pt\"><span style=\"font-family:&quot;Times New Roman&quot;,serif\"><span style=\"font-size:14.0pt\">Журнал &laquo;Идеи и идеалы&raquo; входит в систему <a href=\"https://elibrary.ru/title_about.asp?id=30203\" style=\"color:blue; text-decoration:underline\">Российского индекса научного цитирования (РИНЦ) </a></span></span></span></p>\r\n\r\n<p style=\"text-align:center\"><span style=\"font-size:12pt\"><span style=\"font-family:&quot;Times New Roman&quot;,serif\"><span style=\"font-size:14.0pt\">на платформе eLIBRARY.ru.</span></span></span></p>\r\n\r\n<p style=\"text-align:center\"><span style=\"font-size:12pt\"><span style=\"font-family:&quot;Times New Roman&quot;,serif\"><span style=\"font-size:14.0pt\"><a href=\"http://vak.ed.gov.ru/documents/10179/0/%D0%9F%D0%B5%D1%80%D0%B5%D1%87%D0%B5%D0%BD%D1%8C%20%D0%92%D0%90%D0%9A_02.10.2017.pdf/30d136d1-42b5-4c8f-8c79-a76d04132245\" style=\"color:blue; text-decoration:underline\">Включен в перечень ВАК ( № 594)</a>&nbsp;по специальностям:</span></span></span></p>\r\n\r\n<p style=\"text-align:center\"><span style=\"font-size:12pt\"><span style=\"font-family:&quot;Times New Roman&quot;,serif\"><span style=\"font-size:14.0pt\">философия (09.00.00); экономика (08.00.00); культурология (24.00.00)</span></span></span></p>\r\n\r\n<p style=\"text-align:center\"><span style=\"font-size:12pt\"><span style=\"font-family:&quot;Times New Roman&quot;,serif\"><span style=\"font-size:14.0pt\">С 2015 г.&nbsp;всем статьям присваивается цифровой идентификатор DOI.</span></span></span></p>\r\n\r\n<p style=\"text-align:center\"><span style=\"font-size:12pt\"><span style=\"font-family:&quot;Times New Roman&quot;,serif\"><span style=\"font-size:14.0pt\">Метаданные каждой&nbsp;статьи&nbsp; регистрируются в международном реестре научно-информационных материалов CrossRef.</span></span></span></p>\r\n\r\n<p style=\"text-align:center\"><span style=\"font-size:12pt\"><span style=\"font-family:&quot;Times New Roman&quot;,serif\"><span style=\"font-size:14.0pt\">Официальное название журнала:</span></span></span></p>\r\n\r\n<p style=\"text-align:center\"><span style=\"font-size:12pt\"><span style=\"font-family:&quot;Times New Roman&quot;,serif\"><span style=\"font-size:14.0pt\">на русском языке: <strong>Идеи и идеалы</strong>; на английском языке: <strong>Ideas &amp; Ideals&nbsp;</strong></span></span></span></p>\r\n\r\n<p style=\"text-align:center\"><span style=\"font-size:12pt\"><span style=\"font-family:&quot;Times New Roman&quot;,serif\"><em><span style=\"font-size:14.0pt\"><a href=\"http://ideaidealy.ru/politika-zhurnala\" style=\"color:blue; text-decoration:underline\">Редакционная политика</a></span></em><span style=\"font-size:14.0pt\"> журнала основывается на его <em><a href=\"http://ideaidealy.ru/missiya\" style=\"color:blue; text-decoration:underline\">Миссии</a></em></span></span></span></p>\r\n\r\n<p style=\"text-align:center\"><span style=\"font-size:12pt\"><span style=\"font-family:&quot;Times New Roman&quot;,serif\"><span style=\"font-size:14.0pt\">&nbsp;и принятой <em><a href=\"http://ideaidealy.ru/deklaraciya-ob-etike\" style=\"color:blue; text-decoration:underline\">Декларации об этике</a></em>.</span></span></span></p>',1),(2,1,'en','About','<p style=\"text-align:center\"><span style=\"font-size:11pt\"><span style=\"font-family:Calibri,sans-serif\"><strong><span style=\"font-size:14.0pt\"><span style=\"font-family:&quot;Times New Roman&quot;,&quot;serif&quot;\">ISSN (print) 2075&mdash;0862&nbsp; &nbsp; &nbsp; &nbsp; &nbsp; &nbsp; &nbsp; &nbsp; &nbsp;ISSN (online) 2658-350X &nbsp; &nbsp; &nbsp; &nbsp; &nbsp; &nbsp; &nbsp; &nbsp;&nbsp;&nbsp;Rospechat Index</span></span></strong> <strong><span style=\"font-size:14.0pt\"><span style=\"font-family:&quot;Times New Roman&quot;,&quot;serif&quot;\">37150</span></span></strong></span></span></p>\r\n\r\n<p style=\"text-align:center\">&nbsp;</p>\r\n\r\n<p style=\"text-align:center\"><span style=\"font-size:11pt\"><span style=\"font-family:Calibri,sans-serif\"><strong><span style=\"font-size:18.0pt\"><span style=\"font-family:&quot;Times New Roman&quot;,&quot;serif&quot;\">IDEAS &nbsp;AND &nbsp; IDEALS</span></span></strong><strong>&nbsp;</strong></span></span></p>\r\n\r\n<p style=\"text-align:center\"><span style=\"font-size:11pt\"><span style=\"font-family:Calibri,sans-serif\"><span style=\"font-size:14.0pt\"><span style=\"font-family:&quot;Times New Roman&quot;,&quot;serif&quot;\">SCIENCE&nbsp; JOURNAL</span></span></span></span></p>\r\n\r\n<p style=\"text-align:center\"><span style=\"font-size:11pt\"><span style=\"font-family:Calibri,sans-serif\"><span style=\"font-size:14.0pt\"><span style=\"font-family:&quot;Times New Roman&quot;,&quot;serif&quot;\">The journal is a peer-reviewed publication. Founded in 2009.</span></span></span></span></p>\r\n\r\n<p style=\"text-align:center\"><span style=\"font-size:11pt\"><span style=\"font-family:Calibri,sans-serif\"><span style=\"font-size:14.0pt\"><span style=\"font-family:&quot;Times New Roman&quot;,&quot;serif&quot;\">Founders and Publishers of the Journal:</span></span></span></span></p>\r\n\r\n<p style=\"text-align:center\"><span style=\"font-size:11pt\"><span style=\"font-family:Calibri,sans-serif\"><span style=\"font-size:14.0pt\"><span style=\"font-family:&quot;Times New Roman&quot;,&quot;serif&quot;\">Novosibirsk State Technical University (NSTU)</span></span></span></span></p>\r\n\r\n<p style=\"text-align:center\"><span style=\"font-size:11pt\"><span style=\"font-family:Calibri,sans-serif\"><span style=\"font-size:14.0pt\"><span style=\"font-family:&quot;Times New Roman&quot;,&quot;serif&quot;\">Novosibirsk State University of Economics and Management (NSUEM)</span></span></span></span></p>\r\n\r\n<p style=\"text-align:center\"><span style=\"font-size:11pt\"><span style=\"font-family:Calibri,sans-serif\"><span style=\"font-size:14.0pt\"><span style=\"font-family:&quot;Times New Roman&quot;,&quot;serif&quot;\">Certificate of Registration: </span></span><span style=\"font-size:14.0pt\"><span style=\"font-family:&quot;Times New Roman&quot;,&quot;serif&quot;\">ПИ</span></span><span style=\"font-size:14.0pt\"><span style=\"font-family:&quot;Times New Roman&quot;,&quot;serif&quot;\"> № </span></span><span style=\"font-size:14.0pt\"><span style=\"font-family:&quot;Times New Roman&quot;,&quot;serif&quot;\">ФС</span></span><span style=\"font-size:14.0pt\"><span style=\"font-family:&quot;Times New Roman&quot;,&quot;serif&quot;\"> 77-34262 November, 26, 2008.</span></span></span></span></p>\r\n\r\n<p style=\"text-align:center\"><span style=\"font-size:11pt\"><span style=\"font-family:Calibri,sans-serif\"><span style=\"font-size:14.0pt\"><span style=\"font-family:&quot;Times New Roman&quot;,&quot;serif&quot;\">Publication frequency: 4 issues per calendar year (31.03; 30.06; 30.09; 30.12)</span></span></span></span></p>\r\n\r\n<p style=\"text-align:center\"><span style=\"font-size:11pt\"><span style=\"font-family:Calibri,sans-serif\"><span style=\"font-size:14.0pt\"><span style=\"font-family:&quot;Times New Roman&quot;,&quot;serif&quot;\">Included in the list of peer-reviewed journals VAK (the serial № 594)</span></span></span></span></p>\r\n\r\n<p style=\"text-align:center\"><span style=\"font-size:11pt\"><span style=\"font-family:Calibri,sans-serif\"><span style=\"font-size:14.0pt\"><span style=\"font-family:&quot;Times New Roman&quot;,&quot;serif&quot;\">Each quarterly issue is published in two parts.</span></span></span></span></p>\r\n\r\n<p style=\"text-align:center\"><span style=\"font-size:11pt\"><span style=\"font-family:Calibri,sans-serif\"><span style=\"font-size:14.0pt\"><span style=\"font-family:&quot;Times New Roman&quot;,&quot;serif&quot;\">The main focus of the journal is research in the areas of&nbsp;Social Philosophy</span></span></span></span></p>\r\n\r\n<p style=\"text-align:center\"><span style=\"font-size:11pt\"><span style=\"font-family:Calibri,sans-serif\"><span style=\"font-size:14.0pt\"><span style=\"font-family:&quot;Times New Roman&quot;,&quot;serif&quot;\">The official name of the journal</span></span></span></span></p>\r\n\r\n<p style=\"text-align:center\"><span style=\"font-size:11pt\"><span style=\"font-family:Calibri,sans-serif\"><em><span style=\"font-size:14.0pt\"><span style=\"font-family:&quot;Times New Roman&quot;,&quot;serif&quot;\">In Russian</span></span></em><span style=\"font-size:14.0pt\"><span style=\"font-family:&quot;Times New Roman&quot;,&quot;serif&quot;\">: </span></span><strong><span style=\"font-size:14.0pt\"><span style=\"font-family:&quot;Times New Roman&quot;,&quot;serif&quot;\">Идеи</span></span></strong> <strong><span style=\"font-size:14.0pt\"><span style=\"font-family:&quot;Times New Roman&quot;,&quot;serif&quot;\">и</span></span></strong> <span style=\"font-size:14.0pt\"><span style=\"font-family:&quot;Times New Roman&quot;,&quot;serif&quot;\">и</span></span><strong><span style=\"font-size:14.0pt\"><span style=\"font-family:&quot;Times New Roman&quot;,&quot;serif&quot;\">деалы</span></span></strong><span style=\"font-size:14.0pt\"><span style=\"font-family:&quot;Times New Roman&quot;,&quot;serif&quot;\">. &nbsp; &nbsp; &nbsp; &nbsp; &nbsp; &nbsp; &nbsp; &nbsp; &nbsp; &nbsp; &nbsp; &nbsp; &nbsp; </span></span><em><span style=\"font-size:14.0pt\"><span style=\"font-family:&quot;Times New Roman&quot;,&quot;serif&quot;\">In English</span></span></em><span style=\"font-size:14.0pt\"><span style=\"font-family:&quot;Times New Roman&quot;,&quot;serif&quot;\">: </span></span><strong><span style=\"font-size:14.0pt\"><span style=\"font-family:&quot;Times New Roman&quot;,&quot;serif&quot;\">Ideas and Ideals&nbsp;</span></span></strong></span></span></p>\r\n\r\n<p style=\"text-align:center\"><span style=\"font-size:11pt\"><span style=\"font-family:Calibri,sans-serif\"><span style=\"font-size:14.0pt\"><span style=\"font-family:&quot;Times New Roman&quot;,&quot;serif&quot;\">Journal &quot;</span></span><strong><span style=\"font-size:14.0pt\"><span style=\"font-family:&quot;Times New Roman&quot;,&quot;serif&quot;\">Ideas and Ideals </span></span></strong><span style=\"font-size:14.0pt\"><span style=\"font-family:&quot;Times New Roman&quot;,&quot;serif&quot;\">&quot; is included into the system of the</span></span></span></span></p>\r\n\r\n<p style=\"text-align:center\"><span style=\"font-size:11pt\"><span style=\"font-family:Calibri,sans-serif\"><span style=\"font-size:14.0pt\"><span style=\"font-family:&quot;Times New Roman&quot;,&quot;serif&quot;\">Russian Science Citation Index (RISC)&nbsp;on the platform of </span></span><strong><span style=\"font-size:14.0pt\"><span style=\"font-family:&quot;Times New Roman&quot;,&quot;serif&quot;\">eLIBRARY.ru</span></span></strong><span style=\"font-size:14.0pt\"><span style=\"font-family:&quot;Times New Roman&quot;,&quot;serif&quot;\">.</span></span></span></span></p>\r\n\r\n<p style=\"text-align:center\"><span style=\"font-size:11pt\"><span style=\"font-family:Calibri,sans-serif\"><span style=\"font-size:14.0pt\"><span style=\"font-family:&quot;Times New Roman&quot;,&quot;serif&quot;\">The </span></span><em><span style=\"font-size:14.0pt\"><span style=\"font-family:&quot;Times New Roman&quot;,&quot;serif&quot;\"><a href=\"http://ideaidealy.ru/en/politics-of-journal\"><span style=\"color:blue\">editorial policy</span></a></span></span></em><span style=\"font-size:14.0pt\"><span style=\"font-family:&quot;Times New Roman&quot;,&quot;serif&quot;\">&nbsp;of the journal &quot;</span></span><strong><span style=\"font-size:14.0pt\"><span style=\"font-family:&quot;Times New Roman&quot;,&quot;serif&quot;\">Ideas and Ideals </span></span></strong><span style=\"font-size:14.0pt\"><span style=\"font-family:&quot;Times New Roman&quot;,&quot;serif&quot;\">&quot; is based on its </span></span><em><span style=\"font-size:14.0pt\"><span style=\"font-family:&quot;Times New Roman&quot;,&quot;serif&quot;\"><a href=\"http://ideaidealy.ru/en/mission-of-journal\"><span style=\"color:blue\">Mission</span></a></span></span></em></span></span></p>\r\n\r\n<p style=\"text-align:center\"><span style=\"font-size:11pt\"><span style=\"font-family:Calibri,sans-serif\"><span style=\"font-size:14.0pt\"><span style=\"font-family:&quot;Times New Roman&quot;,&quot;serif&quot;\">and on&nbsp;the</span></span><em><span style=\"font-size:14.0pt\"><span style=\"font-family:&quot;Times New Roman&quot;,&quot;serif&quot;\"><a href=\"http://ideaidealy.ru/en/ethics-declaration\"><span style=\"color:blue\"> Declaration on ethics.</span></a></span></span></em></span></span></p>',1),(3,1,'ru','Свежий номер','Содержание русской части',2),(4,1,'en','New issue','English par content',2),(5,1,'ru','Архив','Содержание русской части',3),(6,1,'en','Archive','English par content',3),(7,1,'ru','Редколлегия и Редсовет','Содержание русской части',4),(8,1,'en','Editorial Board','English par content',4),(9,1,'ru','Контакты','<p><strong>Адреса редакции:</strong></p>\r\n\r\n<p><em>юридический</em>: 630073, Новосибирск, пр. Карла Маркса, 20, корп. 6, ком. 411</p>\r\n\r\n<p><em>фактический</em>: 630099, Новосибирск, ул. Ломоносова, 56, ком. 223</p>\r\n\r\n<p>Тел. 8-913-924-63-78;&nbsp; 8-909-532-14-59</p>\r\n\r\n<p>e-mail: olegdonskikh@yandex.ru&nbsp; &nbsp; &nbsp; &nbsp; &nbsp; &nbsp;Главный редактор проф.&nbsp; Олег Альбертович Донских</p>\r\n\r\n<p>e-mail:&nbsp; ideyiidealy@gmail.com &nbsp; &nbsp; &nbsp; &nbsp; &nbsp; &nbsp; Ответственный секретарь&nbsp; Сергей Петрович Исаков</p>\r\n\r\n<p><strong>Адрес сайта: http://ideaidealy.nsuem.ru/wp-admin&nbsp;</strong></p>',5),(10,1,'en','Contacts','<p><strong>Editorial address:</strong></p>\r\n\r\n<p>56, com. 223,&nbsp;Lomonosov str.,&nbsp;Novosibirsk, Russian Federation, &nbsp;630099</p>\r\n\r\n<p>Тел. 8-913-924-63-78;&nbsp; 8-909-532-14-59</p>\r\n\r\n<p>e-mail: olegdonskikh@yandex.ru - &nbsp;Chief editor prof. Oleg Donskikh &nbsp;</p>\r\n\r\n<p>e-mail: ideyiidealy@gmail.com - Executive Secretary Sergey Isakov</p>\r\n\r\n<p>&nbsp;</p>\r\n\r\n<p><strong>Website address</strong>:&nbsp;ideaidealy.nsuem.ru/en/about-2</p>',5),(11,1,'ru','Наши авторы','Содержание русской части',6),(12,1,'en','Our authors','English par content',6),(13,1,'ru','Как подать статью','<p><span style=\"font-size:20px\"><span style=\"font-family:&quot;Times New Roman&quot;,serif\"><em><strong>Требования к содержанию статей</strong></em>.</span></span></p>\r\n\r\n<p><span style=\"font-size:20px\"><span style=\"font-family:&quot;Times New Roman&quot;,serif\">Журнал &laquo;Идеи и идеалы&raquo; принимает к публикации статьи, представляющие результаты самостоятельных </span></span></p>\r\n\r\n<p><span style=\"font-size:20px\"><span style=\"font-family:&quot;Times New Roman&quot;,serif\">теоретических и эмпирических исследований, тематические обзоры. </span></span></p>\r\n\r\n<p><span style=\"font-size:20px\"><span style=\"font-family:&quot;Times New Roman&quot;,serif\">Статья должна быть актуальной, обладать научной новизной, соответствовать специализации журнала и </span></span></p>\r\n\r\n<p><span style=\"font-size:20px\"><span style=\"font-family:&quot;Times New Roman&quot;,serif\"><em><a href=\"http://ideaidealy.ru/trebovaniya-k-oformleniyu-rukopisi\" style=\"color:blue; text-decoration:underline\">требованиям к оформлению рукописей</a></em>. Статья со всеми сопроводительными документами подается </span></span></p>\r\n\r\n<p><span style=\"font-size:20px\"><span style=\"font-family:&quot;Times New Roman&quot;,serif\">в электронном виде по адресу: <a href=\"mailto:ideyiidealy@gmail.com%20.%20%20\" style=\"color:blue; text-decoration:underline\">ideyiidealy@gmail.com&nbsp;&nbsp; </a></span></span></p>\r\n\r\n<p>&nbsp;</p>\r\n\r\n<p><span style=\"font-size:20px\"><span style=\"font-family:&quot;Times New Roman&quot;,serif\"><em><strong>Рецензирование и редактирование</strong></em><strong>.</strong></span></span></p>\r\n\r\n<p><span style=\"font-size:20px\"><span style=\"font-family:&quot;Times New Roman&quot;,serif\">Все представленные рукописи проходят процедуру независимого внешнего <em><a href=\"http://ideaidealy.ru/poryadok-recenzirovaniya\" style=\"color:blue; text-decoration:underline\">рецензирования</a></em>. </span></span></p>\r\n\r\n<p><span style=\"font-size:20px\"><span style=\"font-family:&quot;Times New Roman&quot;,serif\">Процедура рецензирования является анонимной и для рецензента, и для автора. </span></span></p>\r\n\r\n<p><span style=\"font-size:20px\"><span style=\"font-family:&quot;Times New Roman&quot;,serif\">С учетом результатов рецензирования редколлегия принимает решение о принятии рукописи,&nbsp; </span></span></p>\r\n\r\n<p><span style=\"font-size:20px\"><span style=\"font-family:&quot;Times New Roman&quot;,serif\">отправлении ее авторам на доработку или отклонении, и извещает об этом авторов. </span></span></p>\r\n\r\n<p><span style=\"font-size:20px\"><span style=\"font-family:&quot;Times New Roman&quot;,serif\">Редакция не вступает в дискуссию с авторами отклоненных материалов.</span></span></p>\r\n\r\n<p><span style=\"font-size:20px\"><span style=\"font-family:&quot;Times New Roman&quot;,serif\">После принятия статьи она проходит процедуру редактирования. </span></span></p>\r\n\r\n<p><span style=\"font-size:20px\"><span style=\"font-family:&quot;Times New Roman&quot;,serif\">Авторы согласовывают произведенную редакторскую правку, вносят необходимые исправления, </span></span></p>\r\n\r\n<p><span style=\"font-size:20px\"><span style=\"font-family:&quot;Times New Roman&quot;,serif\">при необходимости дорабатывают рукопись &nbsp;и возвращают ее в редакцию.</span></span></p>\r\n\r\n<p>&nbsp;</p>\r\n\r\n<p><span style=\"font-size:20px\"><span style=\"font-family:&quot;Times New Roman&quot;,serif\"><em><strong>Сопроводительные документы</strong></em><strong>.</strong></span></span></p>\r\n\r\n<p><span style=\"font-size:20px\"><span style=\"font-family:&quot;Times New Roman&quot;,serif\">Вместе с рукописью статьи авторы должны выслать в электронном виде по адресу:&nbsp;<a href=\"mailto:ideyiidealy@gmail.com%20%20%20\" style=\"color:blue; text-decoration:underline\">ideyiidealy@gmail.com</a>&nbsp;</span></span></p>\r\n\r\n<p><span style=\"font-size:20px\"><span style=\"font-family:&quot;Times New Roman&quot;,serif\">следующие документы:</span></span></p>\r\n\r\n<p><span style=\"font-size:20px\"><span style=\"font-family:&quot;Times New Roman&quot;,serif\">Авторскую справку на каждого автора (см. стандарт <em><a href=\"http://ideaidealy.ru/standart-svedeniya-ob-avtore\" style=\"color:blue; text-decoration:underline\">СВЕДЕНИЯ ОБ АВТОРЕ</a></em>).</span></span></p>\r\n\r\n<p><span style=\"font-size:20px\"><span style=\"font-family:&quot;Times New Roman&quot;,serif\">Скан Заявки на публикацию статьи, подписанной&nbsp;автором или, для коллектива авторов &ndash; полномочным</span></span></p>\r\n\r\n<p><span style=\"font-size:20px\"><span style=\"font-family:&quot;Times New Roman&quot;,serif\">представителем всех соавторов&nbsp; &nbsp; &nbsp; &nbsp; &nbsp; &nbsp;</span></span></p>\r\n\r\n<p><span style=\"font-size:20px\"><span style=\"font-family:&quot;Times New Roman&quot;,serif\">&nbsp;(см. стандарт <em>ЗАЯВКА НА ПУБЛИКАЦИЮ</em>).</span></span></p>\r\n\r\n<p><span style=\"font-size:20px\"><span style=\"font-family:&quot;Times New Roman&quot;,serif\">Аспиранты дополнительно высылают скан Представления научного руководителя, </span></span></p>\r\n\r\n<p><span style=\"font-size:20px\"><span style=\"font-family:&quot;Times New Roman&quot;,serif\">заверенного печатью организации. </span></span></p>\r\n\r\n<p>&nbsp;</p>\r\n\r\n<p>&nbsp;</p>\r\n\r\n<p><span style=\"font-size:20px\"><span style=\"font-family:&quot;Times New Roman&quot;,serif\"><strong><em>Финансирование публикаций.</em></strong></span></span></p>\r\n\r\n<p><span style=\"font-size:20px\"><span style=\"font-family:&quot;Times New Roman&quot;,serif\">Публикация статей производится за счет средств журнала и для авторов является полностью бесплатной.</span></span></p>\r\n\r\n<p><span style=\"font-size:20px\"><span style=\"font-family:&quot;Times New Roman&quot;,serif\">Гонорары за статьи не выплачиваются.</span></span></p>',7),(14,0,'en','','',7),(15,1,'ru','Миссия журнала «Идеи и Идеалы»','<p style=\"text-align:center\"><span style=\"font-size:20px\"><span style=\"font-family:Times New Roman,Times,serif\">Основной целью журнала является аналитическое исследование культуры в самом широком смысле этого слова. Именно</span></span></p>\r\n\r\n<p style=\"text-align:center\"><span style=\"font-size:20px\"><span style=\"font-family:Times New Roman,Times,serif\">рефлексия над культурой позволяет выявить и исследовать тенденции духовного и материального развития общества. </span></span></p>\r\n\r\n<p style=\"text-align:center\"><span style=\"font-size:20px\"><span style=\"font-family:Times New Roman,Times,serif\">Мы убеждены, что человеческие знания, как и культура в целом, глубинно взаимосвязаны, поэтому, признавая </span></span></p>\r\n\r\n<p style=\"text-align:center\"><span style=\"font-size:20px\"><span style=\"font-family:Times New Roman,Times,serif\">полезность различных рубрикаций и специализаций, журнал стремится к преодолению междисциплинарных барьеров.</span></span></p>\r\n\r\n<p style=\"text-align:center\"><span style=\"font-size:20px\"><span style=\"font-family:Times New Roman,Times,serif\">Необходимым условием развития социально-гуманитарных наук является квалифицированная дискуссия. </span></span></p>\r\n\r\n<p style=\"text-align:center\"><span style=\"font-size:20px\"><span style=\"font-family:Times New Roman,Times,serif\">Журнал старается возродить традиции философского диспута и стать форумом </span></span></p>\r\n\r\n<p style=\"text-align:center\"><span style=\"font-size:20px\"><span style=\"font-family:Times New Roman,Times,serif\">для экспертного обсуждения&nbsp;научных проблем&nbsp;в данной области знания.</span></span></p>',8),(16,1,'en','Mission of Journal','<p style=\"text-align:center\"><span style=\"font-size:20px\"><span style=\"font-family:&quot;Times New Roman&quot;,serif\">The journal aims to identify and to investigate trends in the spiritual development</span></span></p>\r\n\r\n<p style=\"text-align:center\"><span style=\"font-size:20px\"><span style=\"font-family:&quot;Times New Roman&quot;,serif\">of man and society,</span></span></p>\r\n\r\n<p style=\"text-align:center\"><span style=\"font-size:20px\"><span style=\"font-family:&quot;Times New Roman&quot;,serif\">developing humanitarian knowledge in accordance with modern scientific trends</span></span></p>\r\n\r\n<p style=\"text-align:center\"><span style=\"font-size:20px\"><span style=\"font-family:&quot;Times New Roman&quot;,serif\">and overcoming barriers to interdisciplinary research,</span></span></p>\r\n\r\n<p style=\"text-align:center\"><span style=\"font-size:20px\"><span style=\"font-family:&quot;Times New Roman&quot;,serif\">examining the structure and the role of various forms of social consciousness</span></span></p>\r\n\r\n<p style=\"text-align:center\"><span style=\"font-size:20px\"><span style=\"font-family:&quot;Times New Roman&quot;,serif\">in the formation of humanistic ideals. </span></span></p>\r\n\r\n<p style=\"text-align:center\"><span style=\"font-size:20px\"><span style=\"font-family:&quot;Times New Roman&quot;,serif\">We believe in a positive role of new scientific ideas&nbsp; in the formation of humanistic ideals. </span></span></p>\r\n\r\n<p style=\"text-align:center\"><span style=\"font-size:20px\"><span style=\"font-family:&quot;Times New Roman&quot;,serif\">Discussions and debates are prerequisites in the formation of new ideas.</span></span></p>\r\n\r\n<p style=\"text-align:center\"><span style=\"font-size:20px\"><span style=\"font-family:&quot;Times New Roman&quot;,serif\">The journal aims to be a forum for expert discussion of significant </span></span></p>\r\n\r\n<p style=\"text-align:center\"><span style=\"font-size:20px\"><span style=\"font-family:&quot;Times New Roman&quot;,serif\">scientific, cultural and social problems.</span></span></p>',8),(17,1,'ru','Декларация об этике журнала «Идеи и Идеалы»','<p style=\"text-align:center\"><span style=\"font-size:20px\"><span style=\"font-family:&quot;Times New Roman&quot;,serif\">В своей работе редакция журнала<strong>&nbsp;&laquo;Идеи и Идеалы&raquo;&nbsp;</strong>основывается </span></span></p>\r\n\r\n<p style=\"text-align:center\"><span style=\"font-size:20px\"><span style=\"font-family:&quot;Times New Roman&quot;,serif\">на <a href=\"http://publicationethics.org/resources/guidelines\" style=\"color:blue; text-decoration:underline\">рекомендациях</a> &nbsp;Комитета по этике публикаций&nbsp; (<strong>&nbsp;<em>Committee on Publication Ethics)</em></strong><em>.</em></span></span></p>\r\n\r\n<p>&nbsp;</p>\r\n\r\n<p><span style=\"font-size:20px\"><span style=\"font-family:&quot;Times New Roman&quot;,serif\"><strong>&nbsp;<u>Обязанности авторов</u></strong></span></span></p>\r\n\r\n<p><span style=\"font-size:20px\"><span style=\"font-family:&quot;Times New Roman&quot;,serif\"><strong><em>Оригинальность </em></strong><br />\r\nАвторы, предоставляющие свои работы для опубликования в журнале &laquo;Идеи и Идеалы&raquo;, гарантируют, что статьи являются оригинальными (не публиковались ранее в </span></span></p>\r\n\r\n<p><span style=\"font-size:20px\"><span style=\"font-family:&quot;Times New Roman&quot;,serif\">других изданиях в их нынешней или близкой по содержанию форме) и не находятся на рассмотрении в редакциях других изданий.</span></span></p>\r\n\r\n<p><span style=\"font-size:20px\"><span style=\"font-family:&quot;Times New Roman&quot;,serif\">Авторы подтверждают, что их публикация не нарушает чьих-либо авторских прав, и гарантируют издателю возмещение убытков в случае выявления подобных нарушений.</span></span></p>\r\n\r\n<p><span style=\"font-size:20px\"><span style=\"font-family:&quot;Times New Roman&quot;,serif\"><strong><em>Ответственность за содержание</em></strong></span></span></p>\r\n\r\n<p><span style=\"font-size:20px\"><span style=\"font-family:&quot;Times New Roman&quot;,serif\"><strong><em>&nbsp;</em></strong>Ответственность за приводимые в статьях фактические материалы и данные несут авторы.</span></span></p>\r\n\r\n<p><span style=\"font-size:20px\"><span style=\"font-family:&quot;Times New Roman&quot;,serif\">Размещенные в журнале статьи отражают личную точку зрения авторов, которая может отличаться от точки зрения редакции.</span></span></p>\r\n\r\n<p><span style=\"font-size:20px\"><span style=\"font-family:&quot;Times New Roman&quot;,serif\"><strong><em>Плагиат</em></strong></span></span></p>\r\n\r\n<p><span style=\"font-size:20px\"><span style=\"font-family:&quot;Times New Roman&quot;,serif\">Плагиат во всех его формах является неэтичным публикационным поведением и неприемлем. Дословное копирование и/или перефразирование собственных </span></span></p>\r\n\r\n<p><span style=\"font-size:20px\"><span style=\"font-family:&quot;Times New Roman&quot;,serif\">опубликованных работ также неприемлемы, они могут быть использованы только как основа для новых выводов. Некорректное перефразирование оригинальной работы </span></span></p>\r\n\r\n<p><span style=\"font-size:20px\"><span style=\"font-family:&quot;Times New Roman&quot;,serif\">без ссылки на источник рассматривается как дословное копирование.</span></span></p>\r\n\r\n<p><span style=\"font-size:20px\"><span style=\"font-family:&quot;Times New Roman&quot;,serif\">Работа других лиц всегда должна быть надлежащим образом признана и процитирована, с оформлением соответствующих ссылок.</span></span></p>\r\n\r\n<p><span style=\"font-size:20px\"><span style=\"font-family:&quot;Times New Roman&quot;,serif\"><strong><em>Разрешение на использование контента</em></strong></span></span></p>\r\n\r\n<p><span style=\"font-size:20px\"><span style=\"font-family:&quot;Times New Roman&quot;,serif\">До того, как статья будет передана в редакцию на рассмотрение, авторы должны получить разрешение на использование любого контента, созданного иными лицами.</span></span></p>\r\n\r\n<p><span style=\"font-size:20px\"><span style=\"font-family:&quot;Times New Roman&quot;,serif\">Авторы должны быть готовы предоставить письменное разрешение на использование подобного контента по требованию редакции.</span></span></p>\r\n\r\n<p><span style=\"font-size:20px\"><span style=\"font-family:&quot;Times New Roman&quot;,serif\"><strong><em>&nbsp;Авторство работы</em></strong></span></span></p>\r\n\r\n<p><span style=\"font-size:20px\"><span style=\"font-family:&quot;Times New Roman&quot;,serif\">Авторство статьи должно быть ограничено теми, кто внес значительный вклад в концепцию, исполнение или интерпретацию представленного исследования. </span></span></p>\r\n\r\n<p><span style=\"font-size:20px\"><span style=\"font-family:&quot;Times New Roman&quot;,serif\">Все те, кто&nbsp;внес значительный вклад, должны быть перечислены в качестве соавторов.</span></span></p>\r\n\r\n<p><span style=\"font-size:20px\"><span style=\"font-family:&quot;Times New Roman&quot;,serif\"><strong><em>Существенные ошибки в опубликованных работах</em></strong></span></span></p>\r\n\r\n<p><span style=\"font-size:20px\"><span style=\"font-family:&quot;Times New Roman&quot;,serif\">Если авторы обнаруживают существенную ошибку или неточность в своей статье уже после ее опубликования, они обязаны </span></span></p>\r\n\r\n<p><span style=\"font-size:20px\"><span style=\"font-family:&quot;Times New Roman&quot;,serif\">незамедлительно уведомить об этом редакцию&nbsp; журнала и оказать помощь в исправлении статьи.</span></span></p>\r\n\r\n<p>&nbsp;</p>\r\n\r\n<p><span style=\"font-size:20px\"><span style=\"font-family:&quot;Times New Roman&quot;,serif\"><strong><u>Обязанности редакторов</u></strong></span></span></p>\r\n\r\n<p><span style=\"font-size:20px\"><span style=\"font-family:&quot;Times New Roman&quot;,serif\"><strong><em>Публикационные решения</em></strong></span></span></p>\r\n\r\n<p><span style=\"font-size:20px\"><span style=\"font-family:&quot;Times New Roman&quot;,serif\">Редакция журнала &laquo;Идеи и Идеалы&raquo;ответственна за принятие решений о том, какие из поданных в журнал статей должны быть опубликованы либо отклонены. </span></span></p>\r\n\r\n<p><span style=\"font-size:20px\"><span style=\"font-family:&quot;Times New Roman&quot;,serif\">Редакция руководствуется при этом политикой журнала, принятой публикационной этикой &nbsp;и действующим законодательством в области авторского права. </span></span></p>\r\n\r\n<p><span style=\"font-size:20px\"><span style=\"font-family:&quot;Times New Roman&quot;,serif\">В принятии этих решений редакция принимает во внимание мнение рецензентов. (В отношении рецензирования см. также раздел &laquo;Политика журнала&raquo;).</span></span><br />\r\n&nbsp;</p>\r\n\r\n<p><span style=\"font-size:20px\"><span style=\"font-family:&quot;Times New Roman&quot;,serif\"><strong><em>Добросовестное поведение</em></strong></span></span></p>\r\n\r\n<p><span style=\"font-size:20px\"><span style=\"font-family:&quot;Times New Roman&quot;,serif\">Редакция оценивает рукописи по их научному содержанию, независимо от расы, пола, сексуальной ориентации, религиозных убеждений, этнической принадлежности,</span></span></p>\r\n\r\n<p><span style=\"font-size:20px\"><span style=\"font-family:&quot;Times New Roman&quot;,serif\">гражданства и политических взглядов авторов.</span></span></p>\r\n\r\n<p><span style=\"font-size:20px\"><span style=\"font-family:&quot;Times New Roman&quot;,serif\"><strong><em>Конфиденциальность</em></strong></span></span></p>\r\n\r\n<p><span style=\"font-size:20px\"><span style=\"font-family:&quot;Times New Roman&quot;,serif\">Сотрудники редакции не должны раскрывать любую информацию о предоставленных работах никому, кроме рецензентов.</span></span></p>\r\n\r\n<p>&nbsp;</p>\r\n\r\n<p><span style=\"font-size:20px\"><span style=\"font-family:&quot;Times New Roman&quot;,serif\"><strong><u>Обязанности рецензентов</u></strong></span></span></p>\r\n\r\n<p><span style=\"font-size:20px\"><span style=\"font-family:&quot;Times New Roman&quot;,serif\"><strong><em>&nbsp;Добросовестность</em></strong></span></span></p>\r\n\r\n<p><span style=\"font-size:20px\"><span style=\"font-family:&quot;Times New Roman&quot;,serif\">Рецензент, который считает, что его квалификация недостаточна для рецензирования представленной рукописи, или который знает, </span></span></p>\r\n\r\n<p><span style=\"font-size:20px\"><span style=\"font-family:&quot;Times New Roman&quot;,serif\">что ее своевременное рецензирование будет невозможно, должен сразу уведомить об этом редакцию и отказаться от рецензирования.</span></span></p>\r\n\r\n<p><span style=\"font-size:20px\"><span style=\"font-family:&quot;Times New Roman&quot;,serif\"><strong><em>Конфиденциальность</em></strong></span></span></p>\r\n\r\n<p><span style=\"font-size:20px\"><span style=\"font-family:&quot;Times New Roman&quot;,serif\">Все рукописи, полученные для рецензирования, должны рассматриваться как конфиденциальные документы. </span></span></p>\r\n\r\n<p><span style=\"font-size:20px\"><span style=\"font-family:&quot;Times New Roman&quot;,serif\">Они могут обсуждаться с другими лицами только с разрешения редакции.</span></span></p>',9),(18,1,'en','Publication Ethics Statement for the Journal “Ideas and Ideals”','<p><span style=\"font-size:20px\"><span style=\"font-family:&quot;Times New Roman&quot;,serif\">The ethics statements for our journal are based on the Committee on Publication Ethics (<a href=\"http://publicationethics.org/resources/guidelines\" style=\"color:blue; text-decoration:underline\">COPE</a>)</span></span><br />\r\n&nbsp;</p>\r\n\r\n<p><span style=\"font-size:20px\"><span style=\"font-family:&quot;Times New Roman&quot;,serif\"><strong><u>Duties of Authors</u></strong></span></span></p>\r\n\r\n<p><span style=\"font-size:20px\"><span style=\"font-family:&quot;Times New Roman&quot;,serif\"><strong>Originality</strong></span></span></p>\r\n\r\n<p><span style=\"font-size:20px\"><span style=\"font-family:&quot;Times New Roman&quot;,serif\">The authors should ensure that they have written entirely original works and they haven&rsquo;t submitted them previously to other journals. An author should not in general publish manuscripts describing essentially the same research in more than one journal or primary publication. Parallel submission of the same manuscript to more than one journal constitutes unethical publishing behavior and is unacceptable</span></span></p>\r\n\r\n<p><span style=\"font-size:20px\"><span style=\"font-family:&quot;Times New Roman&quot;,serif\">The authors confirm that they haven&rsquo;t violated the copyrights of other authors and guarantee the compensation for damages to the publisher in case of revealing such violations.</span></span></p>\r\n\r\n<p><span style=\"font-size:20px\"><span style=\"font-family:&quot;Times New Roman&quot;,serif\"><strong><em>Liability for content </em></strong></span></span></p>\r\n\r\n<p><span style=\"font-size:20px\"><span style=\"font-family:&quot;Times New Roman&quot;,serif\"><strong><em>&nbsp;</em></strong>The authors are liable for the facts and data, cited in the submitted manuscripts. The papers published in the journal reflect the authors&rsquo; opinions, which might differ from the Editors&rsquo; opinion.</span></span></p>\r\n\r\n<p><span style=\"font-size:20px\"><span style=\"font-family:&quot;Times New Roman&quot;,serif\"><strong>Plagiarism</strong></span></span></p>\r\n\r\n<p><span style=\"font-size:20px\"><span style=\"font-family:&quot;Times New Roman&quot;,serif\">Plagiarism in all its forms constitutes unethical publishing behavior and is unacceptable.</span></span></p>\r\n\r\n<p><span style=\"font-size:20px\"><span style=\"font-family:&quot;Times New Roman&quot;,serif\">Word-for-word citation and/or paraphrasing the already published works of the author can&rsquo;t be also accepted. They can be used only as the basis for the new conclusions. Incorrect paraphrasing of the original work without proper citation is considered to be word-for-word citation.</span></span></p>\r\n\r\n<p><span style=\"font-size:20px\"><span style=\"font-family:&quot;Times New Roman&quot;,serif\">The works of other authors should be properly acknowledged, cited or quoted.</span></span></p>\r\n\r\n<p><span style=\"font-size:20px\"><span style=\"font-family:&quot;Times New Roman&quot;,serif\"><strong><em>Permission for content using</em></strong></span></span></p>\r\n\r\n<p><span style=\"font-size:20px\"><span style=\"font-family:&quot;Times New Roman&quot;,serif\"><em>The authors have to get the permission for using the content, produced by other authors, before submitting a manuscript to the Editorial Board. The authors have to be ready to give such permission on the request of the Editorial Board.</em></span></span></p>\r\n\r\n<p><span style=\"font-size:20px\"><span style=\"font-family:&quot;Times New Roman&quot;,serif\"><strong>Authorship of a manuscript </strong></span></span></p>\r\n\r\n<p><span style=\"font-size:20px\"><span style=\"font-family:&quot;Times New Roman&quot;,serif\">Authorship should be limited to those who have made a significant contribution to the conception, design, execution, or interpretation of the reported study. All those who have made significant contributions should be listed as coauthors.</span></span></p>\r\n\r\n<p><span style=\"font-size:20px\"><span style=\"font-family:&quot;Times New Roman&quot;,serif\"><strong>Fundamental errors in published works </strong></span></span></p>\r\n\r\n<p><span style=\"font-size:20px\"><span style=\"font-family:&quot;Times New Roman&quot;,serif\">When an author discovers a significant error or inaccuracy in his/her own published work, it is the author&rsquo;s obligation to promptly notify the journal&rsquo;s Editorial Board and cooperate with them to either retract the paper or to publish an appropriate erratum.</span></span></p>\r\n\r\n<p><span style=\"font-size:20px\"><span style=\"font-family:&quot;Times New Roman&quot;,serif\"><strong><u>Duties of the Editors-in-Chief</u></strong></span></span></p>\r\n\r\n<p><span style=\"font-size:20px\"><span style=\"font-family:&quot;Times New Roman&quot;,serif\"><strong>Publication decisions </strong></span></span></p>\r\n\r\n<p><span style=\"font-size:20px\"><span style=\"font-family:&quot;Times New Roman&quot;,serif\">The Editorial Board of the journal &ldquo;Ideas and Ideals&rdquo; is responsible for deciding which of the submitted articles should be published or rejected. The Editors may be guided by the policies of the journal&#39;s Editorial Board and constrained by such legal requirements as shall then be in force regarding libel, copyright infringement and plagiarism. The Editors may confer with the reviewers in making this decision. (In relation to the process of reviewing see also the section &ldquo;Politics of Journal&rdquo;).</span></span><br />\r\n&nbsp;</p>\r\n\r\n<p><span style=\"font-size:20px\"><span style=\"font-family:&quot;Times New Roman&quot;,serif\"><strong>Fair play</strong></span></span></p>\r\n\r\n<p><span style=\"font-size:20px\"><span style=\"font-family:&quot;Times New Roman&quot;,serif\">Submitted manuscripts are evaluated for their intellectual content without regard to race, gender, sexual orientation, religious belief, ethnic origin, citizenship, or political philosophy of the authors.</span></span></p>\r\n\r\n<p><span style=\"font-size:20px\"><span style=\"font-family:&quot;Times New Roman&quot;,serif\"><strong>Confidentiality </strong></span></span></p>\r\n\r\n<p><span style=\"font-size:20px\"><span style=\"font-family:&quot;Times New Roman&quot;,serif\">The Editorial staff must not disclose any information about a submitted manuscript to anyone other than the reviewers.</span></span></p>\r\n\r\n<p><span style=\"font-size:20px\"><span style=\"font-family:&quot;Times New Roman&quot;,serif\"><strong><u>Duties of peer reviewers</u></strong></span></span></p>\r\n\r\n<p><span style=\"font-size:20px\"><span style=\"font-family:&quot;Times New Roman&quot;,serif\"><strong>Fairness </strong></span></span></p>\r\n\r\n<p><span style=\"font-size:20px\"><span style=\"font-family:&quot;Times New Roman&quot;,serif\">Any invited referee who feels unqualified to review the research reported in a manuscript or knows that its timely review will be impossible should immediately notify the Editorial Board- so that alternative reviewers can be contacted.</span></span></p>\r\n\r\n<p><span style=\"font-size:20px\"><span style=\"font-family:&quot;Times New Roman&quot;,serif\">&nbsp;<strong>Confidentiality </strong></span></span></p>\r\n\r\n<p><span style=\"font-size:20px\"><span style=\"font-family:&quot;Times New Roman&quot;,serif\">Any manuscripts received for review must be treated as confidential documents. They must not be shown to or discussed with others except if authorized by the Editor-in-Chief.</span></span></p>',9),(19,1,'ru','Политика журнала','<p><span style=\"font-size:20px\"><span style=\"font-family:&quot;Times New Roman&quot;,serif\"><em><strong>Специализация.</strong></em></span></span></p>\r\n\r\n<p><span style=\"font-size:20px\"><span style=\"font-family:&quot;Times New Roman&quot;,serif\">Основной целью журнала является аналитическое исследование культуры в самом широком смысле этого слова.&nbsp;</span></span></p>\r\n\r\n<p><span style=\"font-size:20px\"><span style=\"font-family:&quot;Times New Roman&quot;,serif\">При отборе материалов предпочтение отдается работам,&nbsp;вводящим в научный и общекультурный оборот&nbsp;</span></span></p>\r\n\r\n<p><span style=\"font-size:20px\"><span style=\"font-family:&quot;Times New Roman&quot;,serif\">новейшие научные идеи,&nbsp;открывающим новые подходы&nbsp;к важнейшим гуманитарным проблемам современности.</span></span></p>\r\n\r\n<p><span style=\"font-size:20px\"><span style=\"font-family:&quot;Times New Roman&quot;,serif\">Особое внимание уделяется материалам междисциплинарного и общекультурного значения.</span></span></p>\r\n\r\n<p><span style=\"font-size:20px\"><span style=\"font-family:&quot;Times New Roman&quot;,serif\">К публикации принимаются статьи, представляющие результаты самостоятельных теоретических и эмпирических </span></span></p>\r\n\r\n<p><span style=\"font-size:20px\"><span style=\"font-family:&quot;Times New Roman&quot;,serif\">исследований,&nbsp;тематические обзоры, кейсы.&nbsp;</span></span></p>\r\n\r\n<p>&nbsp;</p>\r\n\r\n<p><span style=\"font-size:20px\"><span style=\"font-family:&quot;Times New Roman&quot;,serif\"><em><strong>Целевая аудитория.</strong></em></span></span></p>\r\n\r\n<p><span style=\"font-size:20px\"><span style=\"font-family:&quot;Times New Roman&quot;,serif\">Журнал предназначен для&nbsp;для ученых, преподавателей и всех интересующихся новыми</span></span></p>\r\n\r\n<p><span style=\"font-size:20px\"><span style=\"font-family:&quot;Times New Roman&quot;,serif\">подходами, направлениями и идеями в социально-гуманитарной сфере</span></span></p>\r\n\r\n<p><span style=\"font-size:20px\"><span style=\"font-family:&quot;Times New Roman&quot;,serif\">К сотрудничеству приглашаются как авторитетные эксперты, так и начинающие молодые исследователи.</span></span></p>\r\n\r\n<p>&nbsp;</p>\r\n\r\n<p><span style=\"font-size:20px\"><span style=\"font-family:&quot;Times New Roman&quot;,serif\"><em><strong>Рецензирование.</strong></em></span></span></p>\r\n\r\n<p><span style=\"font-size:20px\"><span style=\"font-family:&quot;Times New Roman&quot;,serif\">Все представленные материалы проходят процедуру внутреннего и внешнего рецензирования.&nbsp;</span></span></p>\r\n\r\n<p><span style=\"font-size:20px\"><span style=\"font-family:&quot;Times New Roman&quot;,serif\">Рецензенты назначаются из членов редколлегии, Редсовета либо внешних экспертов.&nbsp;Все рецензенты являются</span></span></p>\r\n\r\n<p><span style=\"font-size:20px\"><span style=\"font-family:&quot;Times New Roman&quot;,serif\">признанными специалистами по тематике рецензируемых материалов и имеют&nbsp;публикации по тематике рецензируемой статьи. </span></span></p>\r\n\r\n<p><span style=\"font-size:20px\"><span style=\"font-family:&quot;Times New Roman&quot;,serif\">Рецензенты получают от редакции перечень критериев, в соответствии с которыми оценивается работа. </span></span></p>\r\n\r\n<p><span style=\"font-size:20px\"><span style=\"font-family:&quot;Times New Roman&quot;,serif\">По результатам рецензирования&nbsp; рукопись может быть принята, отправлена авторам на доработку или отклонена. </span></span></p>\r\n\r\n<p><span style=\"font-size:20px\"><span style=\"font-family:&quot;Times New Roman&quot;,serif\">Редакция оставляет за собой право отклонить рукопись в случае нарушения автором принципов публикационной этики. </span></span></p>\r\n\r\n<p><span style=\"font-size:20px\"><span style=\"font-family:&quot;Times New Roman&quot;,serif\">Окончательное решение о принятии или отклонении статьи принимает главный редактор.</span></span></p>\r\n\r\n<p><span style=\"font-size:20px\"><span style=\"font-family:&quot;Times New Roman&quot;,serif\">Редакция не вступает в дискуссию с авторами отклоненных материалов.</span></span></p>\r\n\r\n<p>&nbsp;</p>\r\n\r\n<p><span style=\"font-size:20px\"><span style=\"font-family:&quot;Times New Roman&quot;,serif\"><em><strong>Свободный доступ к информации</strong></em><em>.</em></span></span></p>\r\n\r\n<p><span style=\"font-size:20px\"><span style=\"font-family:&quot;Times New Roman&quot;,serif\">Электронная версия журнала является изданием открытого доступа.&nbsp; Тип лицензии &ndash; Creative Commons: cc by-nc-nd </span></span></p>\r\n\r\n<p><span style=\"font-size:20px\"><span style=\"font-family:&quot;Times New Roman&quot;,serif\">(Attribution Non-Commercial No Derivatives &ndash; Лицензия &laquo;С&nbsp;указанием авторства &ndash; Некоммерческая &ndash; Без производных&raquo;).&nbsp;</span></span></p>\r\n\r\n<p><span style=\"font-size:20px\"><span style=\"font-family:&quot;Times New Roman&quot;,serif\">Полнотекстовые файлы всех выпусков журнала в формате PDF &nbsp;находятся в открытом доступе </span></span></p>\r\n\r\n<p><span style=\"font-size:20px\"><span style=\"font-family:&quot;Times New Roman&quot;,serif\">по адресу <a href=\"http://ideaidealy.ru/archive\" style=\"color:blue; text-decoration:underline\">http://ideaidealy.ru/archive</a>.</span></span></p>\r\n\r\n<p><span style=\"font-size:20px\"><span style=\"font-family:&quot;Times New Roman&quot;,serif\">Идя навстречу социальному движению &laquo;Общество без барьеров&raquo;, редакция журнала приняла решение </span></span></p>\r\n\r\n<p><span style=\"font-size:20px\"><span style=\"font-family:&quot;Times New Roman&quot;,serif\">выкладывать на сайте аудиофайлы статей, имеющих общезначимый характер.</span></span></p>\r\n\r\n<p><span style=\"font-size:20px\"><span style=\"font-family:&quot;Times New Roman&quot;,serif\"><em><strong>Разрешение на использование контента.</strong></em></span></span><br />\r\n&nbsp;</p>\r\n\r\n<p><span style=\"font-size:20px\"><span style=\"font-family:&quot;Times New Roman&quot;,serif\">При использовании любых материалов, опубликованных в журнале &laquo;Идеи и идеалы&raquo;, </span></span></p>\r\n\r\n<p><span style=\"font-size:20px\"><span style=\"font-family:&quot;Times New Roman&quot;,serif\">необходимо ссылаться на журнал и авторов статей.</span></span></p>\r\n\r\n<p>&nbsp;</p>\r\n\r\n<p><span style=\"font-size:20px\"><span style=\"font-family:&quot;Times New Roman&quot;,serif\"><strong><em>Этические стандарты.</em></strong></span></span></p>\r\n\r\n<p><span style=\"font-size:20px\"><span style=\"font-family:&quot;Times New Roman&quot;,serif\">Все участники издательского процесса&nbsp;руководствуются нормами и международными стандартами, установленными </span></span></p>\r\n\r\n<p><span style=\"font-size:20px\"><span style=\"font-family:&quot;Times New Roman&quot;,serif\">Комитетом по этике публикаций (Committee on Publication Ethics - COPE).</span></span></p>\r\n\r\n<p>&nbsp;</p>\r\n\r\n<p><span style=\"font-size:20px\"><span style=\"font-family:&quot;Times New Roman&quot;,serif\"><strong><em>Раскрытие и конфликт интересов</em></strong></span></span></p>\r\n\r\n<p><span style=\"font-size:20px\"><span style=\"font-family:&quot;Times New Roman&quot;,serif\">Авторы должны раскрыть любой финансовый или содержательный конфликт интересов, </span></span></p>\r\n\r\n<p><span style=\"font-size:20px\"><span style=\"font-family:&quot;Times New Roman&quot;,serif\">который мог бы повлиять на результаты или интерпретации в их статье. </span></span></p>\r\n\r\n<p><span style=\"font-size:20px\"><span style=\"font-family:&quot;Times New Roman&quot;,serif\">Все источники финансовой поддержки проекта должны быть раскрыты.</span></span></p>\r\n\r\n<p>&nbsp;</p>\r\n\r\n<p><span style=\"font-size:20px\"><span style=\"font-family:&quot;Times New Roman&quot;,serif\"><strong><em>Финансирование журнала&nbsp;</em></strong></span></span></p>\r\n\r\n<p><span style=\"font-size:20px\"><span style=\"font-family:&quot;Times New Roman&quot;,serif\">Финансирование издания журнала осуществляется за счет средств учредителей&nbsp;и&nbsp;&nbsp;</span></span></p>\r\n\r\n<p><span style=\"font-size:20px\"><span style=\"font-family:&quot;Times New Roman&quot;,serif\">доходов от подписки печатной версии. </span></span></p>\r\n\r\n<p><span style=\"font-size:20px\"><span style=\"font-family:&quot;Times New Roman&quot;,serif\">Для авторов публикация является бесплатной (&quot;платиновая&quot; модель).</span></span></p>\r\n\r\n<p>&nbsp;</p>',10),(20,1,'en','Politics of Journal','<p><span style=\"font-size:20px\"><span style=\"font-family:&quot;Times New Roman&quot;,serif\"><em><strong>Specialization</strong></em></span></span></p>\r\n\r\n<p><span style=\"font-size:20px\"><span style=\"font-family:&quot;Times New Roman&quot;,serif\">The main focus of the journal is about research in the areas of &nbsp;<strong>PHILOSOPHY, &nbsp; ECONOMICS &nbsp; AND &nbsp; CULTURAL &nbsp;STUDIES.</strong></span></span></p>\r\n\r\n<p><span style=\"font-size:20px\"><span style=\"font-family:&quot;Times New Roman&quot;,serif\">High-quality manuscripts, demonstrating the results of theoretical and empirical research, thematic reviews, case studies, are accepted for publication. The paper must meet the following requirements: exigency, novelty, statement of the problem, results and conclusions.</span></span></p>\r\n\r\n<p><span style=\"font-size:20px\"><span style=\"font-family:&quot;Times New Roman&quot;,serif\">In the selection of material for publications, preference is given to the works which put into scientific and cultural circulation the latest scientific ideas on the given themes (including the latest international sources), exploring new approaches to the most important humanitarian issues. Special attention is paid to the works of interdisciplinary and cultural character.</span></span></p>\r\n\r\n<p><span style=\"font-size:20px\"><span style=\"font-family:&quot;Times New Roman&quot;,serif\"><strong>Target Audience</strong></span></span></p>\r\n\r\n<p><span style=\"font-size:20px\"><span style=\"font-family:&quot;Times New Roman&quot;,serif\">The journal is intended for scientists, lecturers, and practitioners along with students of the given specialties and for anyone interested in new approaches, trends and ideas in the social and humanitarian sphere. The journal invites authoritative scholars as well as young researchers (students, masters, postgraduates, and lecturers) to cooperate.</span></span></p>\r\n\r\n<p><span style=\"font-size:20px\"><span style=\"font-family:&quot;Times New Roman&quot;,serif\"><strong>Review</strong></span></span></p>\r\n\r\n<p><span style=\"font-size:20px\"><span style=\"font-family:&quot;Times New Roman&quot;,serif\">All the submitted materials are to be peer-reviewed.We are obtaining advice on individual manuscripts from reviewers expert in the field who are not part of the journal&rsquo;s editorial staff. As the result, the manuscript may be accepted, retracted for further improvement or rejected. The Editorial Board has the right to reject the manuscript in case an author violates the principles of publication ethics. The Editorial Board doesn&rsquo;t comment on the rejected manuscripts.</span></span></p>\r\n\r\n<p>&nbsp;</p>\r\n\r\n<p><span style=\"font-size:20px\"><span style=\"font-family:&quot;Times New Roman&quot;,serif\"><strong>Permission for using the content</strong></span></span></p>\r\n\r\n<p><span style=\"font-size:20px\"><span style=\"font-family:&quot;Times New Roman&quot;,serif\">No portion of the contents, published in the journal &ldquo;Ideas and Ideals&rdquo;, may be reproduced in any form without appropriate citation.</span></span></p>',10),(21,1,'ru','Порядок рецензирования','<p><span style=\"font-size:20px\"><span style=\"font-family:&quot;Times New Roman&quot;,serif\"><strong>Порядок рецензирования рукописей статей,&nbsp;поступивших в редакцию журнала&nbsp;&laquo;Идеи и Идеалы&raquo;</strong></span></span></p>\r\n\r\n<p>&nbsp;</p>\r\n\r\n<p><span style=\"font-size:20px\"><span style=\"font-family:&quot;Times New Roman&quot;,serif\"><strong>Общие положения</strong></span></span></p>\r\n\r\n<p><span style=\"font-size:20px\"><span style=\"font-family:&quot;Times New Roman&quot;,serif\">Рукописи всех статей, поступивших в редакцию журнала &laquo;Идеи и Идеалы&raquo;, подлежат обязательному рецензированию. </span></span></p>\r\n\r\n<p><span style=\"font-size:20px\"><span style=\"font-family:&quot;Times New Roman&quot;,serif\">К рецензированию привлекаются ученые, имеющие признанный авторитет и работающие в области знаний, к которой относится</span></span></p>\r\n\r\n<p><span style=\"font-size:20px\"><span style=\"font-family:&quot;Times New Roman&quot;,serif\">содержание рукописи. Рецензии обсуждаются редколлегией и служат основанием для принятия или отклонения рукописей. </span></span></p>\r\n\r\n<p><span style=\"font-size:20px\"><span style=\"font-family:&quot;Times New Roman&quot;,serif\">Окончательное решение&nbsp;о принятии или отклонении рукописи принимает главный редактор.</span></span></p>\r\n\r\n<p>&nbsp;</p>\r\n\r\n<p><span style=\"font-size:20px\"><span style=\"font-family:&quot;Times New Roman&quot;,serif\"><strong>Сроки рецензирования</strong></span></span></p>\r\n\r\n<p><span style=\"font-size:20px\"><span style=\"font-family:&quot;Times New Roman&quot;,serif\">Рукопись, поступившая в редакцию журнала, направляется на рецензирование в течение месяца с момента поступления. </span></span></p>\r\n\r\n<p><span style=\"font-size:20px\"><span style=\"font-family:&quot;Times New Roman&quot;,serif\">Рецензент представляет рецензию в редакцию в течение месяца с момента получения им рукописи. Редколлегия принимает решение </span></span></p>\r\n\r\n<p><span style=\"font-size:20px\"><span style=\"font-family:&quot;Times New Roman&quot;,serif\">о публикации или отклонении рукописи в течение месяца с момента получения рецензий. При необходимости повторное рецензирование проводится в такие же сроки.</span></span></p>\r\n\r\n<p>&nbsp;</p>\r\n\r\n<p><span style=\"font-size:20px\"><span style=\"font-family:&quot;Times New Roman&quot;,serif\"><strong>Требования к рецензии</strong></span></span></p>\r\n\r\n<p><span style=\"font-size:20px\"><span style=\"font-family:&quot;Times New Roman&quot;,serif\">Рецензент оценивает статью, заполняя поля стандарта &laquo;Форма для оценки статьи&raquo;.&nbsp; &nbsp;Рецензент может дополнительно</span></span></p>\r\n\r\n<p><span style=\"font-size:20px\"><span style=\"font-family:&quot;Times New Roman&quot;,serif\">высказать свои пожелания и особое мнение о структуре, содержании, форме изложения, оформлении рукописи и т.п., введя текст</span></span></p>\r\n\r\n<p><span style=\"font-size:20px\"><span style=\"font-family:&quot;Times New Roman&quot;,serif\">в соответствующее текстовое поле Формы и/или прикрепив файл формата .doc, .docx.</span></span></p>\r\n\r\n<p><span style=\"font-size:20px\"><span style=\"font-family:&quot;Times New Roman&quot;,serif\">Рецензент даёт заключение о целесообразности или нецелесообразности опубликования рецензируемой рукописи, либо о </span></span><span style=\"font-size:20px\"><span style=\"font-family:&quot;Times New Roman&quot;,serif\">необходимости её доработки.</span></span></p>\r\n\r\n<p><span style=\"font-size:20px\"><span style=\"font-family:&quot;Times New Roman&quot;,serif\">Авторам статьи или другим лицам, не входящими в состав редколлегии журнала, имена рецензентов не раскрываются. Содержание </span></span><span style=\"font-size:20px\"><span style=\"font-family:&quot;Times New Roman&quot;,serif\">рецензии без указания имени рецензента может быть предоставлено для ознакомления автору (всем соавторам) статьи, а также&nbsp;другим рецензентам этой статьи</span></span></p>',11),(22,0,'en','The Order of the peer-review','',11),(23,1,'ru','Требования к оформлению рукописи','<p><span style=\"font-size:20px\"><span style=\"font-family:&quot;Times New Roman&quot;,serif\"><strong><em>Требования к оформлению рукописей.</em></strong></span></span></p>\r\n\r\n<p><span style=\"font-size:20px\"><span style=\"font-family:&quot;Times New Roman&quot;,serif\">Рукописи статей &nbsp;представляются в формате Microsoft Word&nbsp; (doc., docx),&nbsp;&nbsp; </span></span></p>\r\n\r\n<p><span style=\"font-size:20px\"><span style=\"font-family:&quot;Times New Roman&quot;,serif\">шрифт Times New Roman CYR, кегль 12 (для примечаний &ndash; 10).</span></span></p>\r\n\r\n<p><span style=\"font-size:20px\"><span style=\"font-family:&quot;Times New Roman&quot;,serif\">Поля: верхнее &ndash; 2 см., нижнее &ndash; 2 см., левое &ndash; 3 см., правое &ndash; 1.5 см.</span></span></p>\r\n\r\n<p><span style=\"font-size:20px\"><span style=\"font-family:&quot;Times New Roman&quot;,serif\">Межстрочный интервал 1,15.</span></span></p>\r\n\r\n<p>&nbsp;</p>\r\n\r\n<p><span style=\"font-size:20px\"><span style=\"font-family:&quot;Times New Roman&quot;,serif\"><strong><em>Рукопись должна иметь следующую структуру:</em></strong></span></span></p>\r\n\r\n<p><span style=\"font-size:20px\"><span style=\"font-family:&quot;Times New Roman&quot;,serif\"><em><strong>Русскоязычный блок </strong></em></span></span></p>\r\n\r\n<p><span style=\"font-size:20px\"><span style=\"font-family:&quot;Times New Roman&quot;,serif\">УДК</span></span></p>\r\n\r\n<p><span style=\"font-size:20px\"><span style=\"font-family:&quot;Times New Roman&quot;,serif\">Заголовок</span></span></p>\r\n\r\n<p><span style=\"font-size:20px\"><span style=\"font-family:&quot;Times New Roman&quot;,serif\">ФИО&nbsp;авторов&nbsp;</span></span></p>\r\n\r\n<p><span style=\"font-size:20px\"><span style=\"font-family:&quot;Times New Roman&quot;,serif\">Ученая степень, звание, должность, полное название,&nbsp;адрес организаций,&nbsp;ORCID,&nbsp;E-mail для каждого автора</span></span></p>\r\n\r\n<p><span style=\"font-size:20px\"><span style=\"font-family:&quot;Times New Roman&quot;,serif\">Аннотация объемом 250 слов.&nbsp; В аннотации должно быть отражено основное содержание работы:</span></span></p>\r\n\r\n<p><span style=\"font-size:20px\"><span style=\"font-family:&quot;Times New Roman&quot;,serif\">предмет, методология, результаты исследования, выводы;&nbsp;фактически надо представить автореферат статьи.</span></span></p>\r\n\r\n<p><span style=\"font-size:20px\"><span style=\"font-family:&quot;Times New Roman&quot;,serif\">Ключевые слова и словосочетания (7-10).</span></span></p>\r\n\r\n<p><span style=\"font-size:20px\"><span style=\"font-family:&quot;Times New Roman&quot;,serif\">Основной текст статьи: объем от 0,5 до 1 п.л. (20 &ndash; 40 тыс знаков с пробелами). </span></span></p>\r\n\r\n<p><span style=\"font-size:20px\"><span style=\"font-family:&quot;Times New Roman&quot;,serif\">Ссылки на литературу&nbsp;даются&nbsp;в квадратных скобках, по номеру источника в списке литературы,</span></span></p>\r\n\r\n<p><span style=\"font-size:20px\"><span style=\"font-family:&quot;Times New Roman&quot;,serif\">например [1], [2, 3], [4-7], [4, с. 23-28].</span></span></p>\r\n\r\n<p><span style=\"font-size:20px\"><span style=\"font-family:&quot;Times New Roman&quot;,serif\">Литература: нумерованный алфавитный библиографический список<strong>, </strong>оформленный в соответствии с</span></span></p>\r\n\r\n<p><span style=\"font-size:20px\"><span style=\"font-family:&quot;Times New Roman&quot;,serif\">ГОСТ Р 7.05-008 &laquo;Библиографическая ссылка&raquo;;&nbsp;сначала русскоязычные, потом иноязычные издания</span></span></p>\r\n\r\n<p><span style=\"font-size:20px\"><span style=\"font-family:&quot;Times New Roman&quot;,serif\">(см. <em><u><a href=\"http://ideaidealy.ru/primery-oformleniya-literatury\" style=\"color:blue; text-decoration:underline\">Пример оформления литературы</a></u></em>). ФИО авторов должны быть выделены курсивом.</span></span></p>\r\n\r\n<p>&nbsp;</p>\r\n\r\n<p><span style=\"font-size:20px\"><span style=\"font-family:&quot;Times New Roman&quot;,serif\"><em><strong>Англоязычный блок</strong></em></span></span></p>\r\n\r\n<p><span style=\"font-size:20px\"><span style=\"font-family:&quot;Times New Roman&quot;,serif\">Заголовок</span></span></p>\r\n\r\n<p><span style=\"font-size:20px\"><span style=\"font-family:&quot;Times New Roman&quot;,serif\">Фамилии&nbsp; и имена авторов&nbsp;</span></span></p>\r\n\r\n<p><span style=\"font-size:20px\"><span style=\"font-family:&quot;Times New Roman&quot;,serif\">Полная аффилиация,&nbsp;ORCID,&nbsp;E-mail для каждого автора</span></span></p>\r\n\r\n<p><span style=\"font-size:20px\"><span style=\"font-family:&quot;Times New Roman&quot;,serif\">Аннотация (Abstract) объемом&nbsp;более 250 слов. </span></span></p>\r\n\r\n<p><span style=\"font-size:20px\"><span style=\"font-family:&quot;Times New Roman&quot;,serif\">Рекомендуется использовать англоязычную специальную терминологию, </span></span></p>\r\n\r\n<p><span style=\"font-size:20px\"><span style=\"font-family:&quot;Times New Roman&quot;,serif\">использовать активный, а не пассивный залог, избегать сложных грамматических конструкций.</span></span></p>\r\n\r\n<p>&nbsp;</p>\r\n\r\n<p><span style=\"font-size:20px\"><span style=\"font-family:&quot;Times New Roman&quot;,serif\">Keywords: &ndash; точный перевод ключевых слов русскоязычной части.</span></span></p>\r\n\r\n<p><span style=\"font-size:20px\"><span style=\"font-family:&quot;Times New Roman&quot;,serif\">References &ndash; список литературы на латинице (см. <em><u><a href=\"http://ideaidealy.ru/primery-oformleniya-referens\" style=\"color:blue; text-decoration:underline\">Пример оформления References</a></u></em>). </span></span></p>\r\n\r\n<p><span style=\"font-size:20px\"><span style=\"font-family:&quot;Times New Roman&quot;,serif\">Все русскоязычные источники транслитерируются в кодировке BSI&nbsp;</span></span></p>\r\n\r\n<p><span style=\"font-size:20px\"><span style=\"font-family:&quot;Times New Roman&quot;,serif\">(программа&nbsp; транслитерации <a href=\"http://ru.translit.net/?account=bsi\" style=\"color:blue; text-decoration:underline\">http://ru.translit.net/?account=bsi</a>).&nbsp;Иноязычные издания&nbsp; приводятся без транслитерации. </span></span></p>\r\n\r\n<p><span style=\"font-size:20px\"><span style=\"font-family:&quot;Times New Roman&quot;,serif\">Названия статей и книг переводятся на английский и даются после транслита в квадратных скобках.&nbsp;</span></span></p>\r\n\r\n<p><span style=\"font-size:20px\"><span style=\"font-family:&quot;Times New Roman&quot;,serif\">Для переводных изданий приводится оригинальное название на английском языке.</span></span></p>',12),(24,0,'en','','',12),(25,1,'ru','Примеры оформления литературы','<p><span style=\"font-size:12pt\"><span style=\"font-family:&quot;Times New Roman&quot;,serif\"><strong><span style=\"font-size:14.0pt\">ПРИМЕРЫ</span></strong><span style=\"font-size:14.0pt\"> <strong>ОФОРМЛЕНИЯ ЛИТЕРАТУРЫ</strong></span></span></span></p>\r\n\r\n<p><span style=\"font-size:12pt\"><span style=\"font-family:&quot;Times New Roman&quot;,serif\"><span style=\"font-size:14.0pt\">Список литературы оформляется по ГОСТ Р 7.05-2008 &laquo;Библиографическая ссылка. Общие требования и правила оформления&raquo;. Ниже приведены примеры библиографического описания разных типов источников.</span></span></span></p>\r\n\r\n<p><span style=\"font-size:12pt\"><span style=\"font-family:&quot;Times New Roman&quot;,serif\"><em><span style=\"font-size:14.0pt\">Абузярова&nbsp;Н.А.</span></em><span style=\"font-size:14.0pt\"> Трудовое право и право социального обеспечения экономико-правового регулирования российского рынка труда // Журнал российского права. &ndash; 2018. &ndash; №&nbsp;1. &ndash; С.&nbsp;128&ndash;137.</span></span></span></p>\r\n\r\n<p><span style=\"font-size:12pt\"><span style=\"font-family:&quot;Times New Roman&quot;,serif\"><em><span style=\"font-size:14.0pt\">Зассин В</span></em><span style=\"font-size:14.0pt\">. Правовые пространства и их отсутствующие цифровые границы. // Идеи и идеалы. &ndash; 2018. &ndash; №&nbsp;4, т.&nbsp;1. &ndash; С. 11&ndash;25.</span></span></span></p>\r\n\r\n<p><span style=\"font-size:12pt\"><span style=\"font-family:&quot;Times New Roman&quot;,serif\"><em><span style=\"font-size:14.0pt\">Трубецкой&nbsp;С.Н</span></em><span style=\"font-size:14.0pt\">. Метафизика Древней Греции. &ndash; М.: Мысль, 2010. &ndash; 589&nbsp;с.</span></span></span></p>\r\n\r\n<p><span style=\"font-size:12pt\"><span style=\"font-family:&quot;Times New Roman&quot;,serif\"><span style=\"font-size:14.0pt\">&nbsp;<em>Абучакра&nbsp;Р</em>.<em>, Хури&nbsp;М.</em> Эффективное правительство для нового века: реформирование государственного управления в современном мире: пер. с англ. &ndash; М.: Олимп-Бизнес, 2016. &ndash; 282&nbsp;с.</span></span></span></p>\r\n\r\n<p><span style=\"font-size:12pt\"><span style=\"font-family:&quot;Times New Roman&quot;,serif\"><em><span style=\"font-size:14.0pt\">Аристотель</span></em><span style=\"font-size:14.0pt\">. Метафизика // Аристотель. Сочинения: в 4&nbsp;т. / вступ. ст. и примеч. В.Ф.&nbsp;Асмуса. &ndash; М.: Мысль, 1976. &ndash; Т.&nbsp;1. &ndash; С.&nbsp;65&ndash;368.</span></span></span></p>\r\n\r\n<p><span style=\"font-size:12pt\"><span style=\"font-family:&quot;Times New Roman&quot;,serif\"><em><span style=\"font-size:14.0pt\">Барова&nbsp;Е.</span></em><span style=\"font-size:14.0pt\"> Мандат и миллиард // Аргументы и факты. &ndash; 2017. &ndash; №&nbsp;36. &ndash; С.&nbsp;10.</span></span></span></p>\r\n\r\n<p><span style=\"font-size:12pt\"><span style=\"font-family:&quot;Times New Roman&quot;,serif\"><span style=\"font-size:14.0pt\">Где в России жить хорошо<em>.</em> Основные показатели социально-экономического положения регионов Российской Федерации в 2004&nbsp;г. // Российская газета. &ndash; 2005. &ndash; 31&nbsp;марта (№&nbsp;64). &ndash; С.&nbsp;16&ndash;17.</span></span></span></p>\r\n\r\n<p><span style=\"font-size:12pt\"><span style=\"font-family:&quot;Times New Roman&quot;,serif\"><em><span style=\"font-size:14.0pt\">Головачев&nbsp;В</span></em><span style=\"font-size:14.0pt\">. Жизнь по минимуму // Труд. &ndash; 2003. &ndash; 17&nbsp;октября.</span></span></span></p>\r\n\r\n<p><span style=\"font-size:12pt\"><span style=\"font-family:&quot;Times New Roman&quot;,serif\"><em><span style=\"font-size:14.0pt\">Голодец&nbsp;О.</span></em><span style=\"font-size:14.0pt\"> О государственном контроле в сфере трудовых отношений [Электронный ресурс] // Правительство России: web-сайт. &ndash; URL: http://government.ru/news/31421/ (дата обращения: 16.11.2018).</span></span></span></p>\r\n\r\n<p><span style=\"font-size:12pt\"><span style=\"font-family:&quot;Times New Roman&quot;,serif\"><span style=\"font-size:14.0pt\">Конституция Российской Федерации [Электронный ресурс] // Законодательная база Российской Федерации. &ndash; URL: http://www.constitution.ru/10003000/10003000-5.htm (дата обращения: 23.10.2018).</span></span></span></p>\r\n\r\n<p><span style=\"font-size:12pt\"><span style=\"font-family:&quot;Times New Roman&quot;,serif\"><em><span style=\"font-size:14.0pt\">Кальмина&nbsp;T.В.</span></em><span style=\"font-size:14.0pt\"> Еврейские общины Восточной&nbsp;Сибири (середина XIX века &ndash; февраль 1917&nbsp;г.): дис. &hellip; д-ра ист. наук: 07.00.02 / Иркутский гос. ун-т. &ndash; Иркутск, 2003. &ndash; 585&nbsp;с.</span></span></span></p>\r\n\r\n<p><span style=\"font-size:12pt\"><span style=\"font-family:&quot;Times New Roman&quot;,serif\"><em><span style=\"font-size:14.0pt\">Spangenberg&nbsp;J.H.</span></em><span style=\"font-size:14.0pt\"> Economic sustanability of the economy: concepts and indicators // International Journal of Sustainable Development. &ndash; 2005. &ndash; Vol.&nbsp;8, N&nbsp;1&ndash;2. &ndash; P.&nbsp;47&ndash;64.</span></span></span></p>\r\n\r\n<p><span style=\"font-size:12pt\"><span style=\"font-family:&quot;Times New Roman&quot;,serif\"><em><span style=\"font-size:14.0pt\">Robertson</span></em><span style=\"font-size:14.0pt\">&nbsp;<em>G.B</em>. The politics of protest in hybrid regimes: managing dissent in post-communist Russia. &ndash; New York: Cambridge University Press, 2011. &ndash; 285&nbsp;p.</span></span></span></p>\r\n\r\n<p><span style=\"font-size:12pt\"><span style=\"font-family:&quot;Times New Roman&quot;,serif\"><em><span style=\"font-size:14.0pt\">Razumnikova </span></em><em><span style=\"font-size:14.0pt\">О</span></em><em><span style=\"font-size:14.0pt\">.</span></em><em><span style=\"font-size:14.0pt\">М</span></em><em><span style=\"font-size:14.0pt\">., Kovtun L.T., Krivoshchekov S.G.</span></em><span style=\"font-size:14.0pt\"> Cardiorespiratory response to hypoxia in persons with different levels of creativity // Human Physiology. &ndash; 2013. &ndash; Vol. 39, N 4. &ndash; P.&nbsp;426&ndash;431.</span></span></span></p>\r\n\r\n<p><span style=\"font-size:12pt\"><span style=\"font-family:&quot;Times New Roman&quot;,serif\"><span style=\"font-size:14.0pt\">Communication in open disclosure conversations about adverse events in hospitals / B.M.&nbsp;Watson, D. Angus, L. Gore, J. Farmer // Language &amp; Communication. &ndash; 2015. &ndash; P. 57&ndash;70. &ndash; doi:&nbsp;10.1016/j.langcom.2014.10.013.</span></span></span></p>\r\n\r\n<p><span style=\"font-size:12pt\"><span style=\"font-family:&quot;Times New Roman&quot;,serif\"><em><span style=\"font-size:14.0pt\">Elliott M.R.</span></em><span style=\"font-size:14.0pt\"> Combining data from probability and non‐probability samples using pseudo‐weights [Electronic resource] // Survey Practice. &ndash; 2009. &ndash; Vol. 2, N 6. &ndash; URL:&nbsp;http://surveypractice.files.wordpress.com/2009/08/elliott.pdf (accessed: 06.11.2014).</span></span></span></p>\r\n\r\n<p>&nbsp;</p>',13),(26,0,'en','','',13),(27,1,'ru','Подписка и покупка','<p><span style=\"font-size:20px\"><span style=\"font-family:&quot;Times New Roman&quot;,serif\">Подписку на журнал &nbsp;можно оформить в агентстве&nbsp;&laquo;Роспечать&raquo;,&nbsp;&nbsp;индекс по каталогу &nbsp;37150.</span></span></p>\r\n\r\n<p>&nbsp;</p>\r\n\r\n<p><span style=\"font-size:20px\"><span style=\"font-family:&quot;Times New Roman&quot;,serif\">Приобрести журнал можно &nbsp;в редакции журнала &quot;Идеи и Идеалы&quot; по адресу:</span></span></p>\r\n\r\n<p><span style=\"font-size:20px\"><span style=\"font-family:&quot;Times New Roman&quot;,serif\">Новосибирск, ул.Ломоносова, 56, &nbsp;к.223. &nbsp;тел.&nbsp;8-909-532-14-59.</span></span></p>\r\n\r\n<p>&nbsp;</p>\r\n\r\n<p><span style=\"font-size:20px\"><span style=\"font-family:&quot;Times New Roman&quot;,serif\">Иногородним покупателям необходимо оплатить стоимость журнала и его пересылки. </span></span></p>\r\n\r\n<p><span style=\"font-size:20px\"><span style=\"font-family:&quot;Times New Roman&quot;,serif\">Способ оплаты надо уточнить у ответственного секретаря (тел.&nbsp;8-909-532-14-59)</span></span></p>',14),(28,0,'en','','',14),(29,1,'ru','Примеры оформления Референс','<p><span style=\"font-size:11pt\"><span style=\"font-family:Calibri,sans-serif\"><strong><span style=\"font-size:14.0pt\"><span style=\"font-family:&quot;Times New Roman&quot;,&quot;serif&quot;\">ПРИМЕРЫ ОФОРМЛЕНИЯ REFERENCES</span></span></strong></span></span></p>\r\n\r\n<p><span style=\"font-size:11pt\"><span style=\"font-family:Calibri,sans-serif\"><strong><em><span style=\"font-size:14.0pt\"><span style=\"font-family:&quot;Times New Roman&quot;,&quot;serif&quot;\">Описание статьи из журнала</span></span></em></strong></span></span></p>\r\n\r\n<p><span style=\"font-size:11pt\"><span style=\"font-family:Calibri,sans-serif\"><span style=\"font-size:14.0pt\"><span style=\"font-family:&quot;Times New Roman&quot;,&quot;serif&quot;\">Moiseev N.N. Sovremennyi antropogenez i tsivilizatsionnye razlomy: ekologo-politologicheskii analiz [Modern anthropogenesis and civilizational breaks: ecological and political analysis]. </span></span><em><span style=\"font-size:14.0pt\"><span style=\"font-family:&quot;Times New Roman&quot;,&quot;serif&quot;\">Voprosy filosofii &ndash; Russian Studies in Philosophy</span></span></em><span style=\"font-size:14.0pt\"><span style=\"font-family:&quot;Times New Roman&quot;,&quot;serif&quot;\">, 1995, no. 1, pp. 3&ndash;30. (In Russian)</span></span></span></span></p>\r\n\r\n<p><span style=\"font-size:11pt\"><span style=\"font-family:Calibri,sans-serif\"><span style=\"font-size:14.0pt\"><span style=\"font-family:&quot;Times New Roman&quot;,&quot;serif&quot;\">Vol&#39;f M.N. Znaki sushchego na puti &laquo;est&#39;&raquo; Parmenida [The signs of being at the way of &ldquo;is&rdquo; of Parmenides]. </span></span><em><span style=\"font-size:14.0pt\"><span style=\"font-family:&quot;Times New Roman&quot;,&quot;serif&quot;\">Idei i idealy &ndash; Ideas and Ideals</span></span></em><span style=\"font-size:14.0pt\"><span style=\"font-family:&quot;Times New Roman&quot;,&quot;serif&quot;\">, 2012, no. 4 (14), vol. 1, pp. 97&ndash;110.</span></span></span></span></p>\r\n\r\n<p><span style=\"font-size:11pt\"><span style=\"font-family:Calibri,sans-serif\"><span style=\"font-size:14.0pt\"><span style=\"font-family:&quot;Times New Roman&quot;,&quot;serif&quot;\">Haskins J. The myth of the Platonic academy of Florence. </span></span><em><span style=\"font-size:14.0pt\"><span style=\"font-family:&quot;Times New Roman&quot;,&quot;serif&quot;\">Renaissance Quarterly</span></span></em><span style=\"font-size:14.0pt\"><span style=\"font-family:&quot;Times New Roman&quot;,&quot;serif&quot;\">, 1991, vol. 44, no. 3, pp. 429&ndash;475. doi:&nbsp;10.2307/2862593</span></span></span></span></p>\r\n\r\n<p><span style=\"font-size:11pt\"><span style=\"font-family:Calibri,sans-serif\"><strong><em><span style=\"font-size:14.0pt\"><span style=\"font-family:&quot;Times New Roman&quot;,&quot;serif&quot;\">Описание</span></span></em></strong> <strong><em><span style=\"font-size:14.0pt\"><span style=\"font-family:&quot;Times New Roman&quot;,&quot;serif&quot;\">книги (монографии, сборника)</span></span></em></strong></span></span></p>\r\n\r\n<p><span style=\"font-size:11pt\"><span style=\"font-family:Calibri,sans-serif\"><span style=\"font-size:14.0pt\"><span style=\"font-family:&quot;Times New Roman&quot;,&quot;serif&quot;\">Altashina V.D., comp. </span></span><em><span style=\"font-size:14.0pt\"><span style=\"font-family:&quot;Times New Roman&quot;,&quot;serif&quot;\">Blez Paskal&#39;: pro et contra: antologiya</span></span></em><span style=\"font-size:14.0pt\"><span style=\"font-family:&quot;Times New Roman&quot;,&quot;serif&quot;\"> [Blaise Pascal: pro et contra: anthology]. St. Petersburg, RKhGA Publ., 2013. 1095 p.</span></span></span></span></p>\r\n\r\n<p><span style=\"font-size:11pt\"><span style=\"font-family:Calibri,sans-serif\"><span style=\"font-size:14.0pt\"><span style=\"font-family:&quot;Times New Roman&quot;,&quot;serif&quot;\">Aristotel&#39;. Metafizika [Metaphysics]. Aristotel&#39;. </span></span><em><span style=\"font-size:14.0pt\"><span style=\"font-family:&quot;Times New Roman&quot;,&quot;serif&quot;\">Sochineniya</span></span></em><span style=\"font-size:14.0pt\"><span style=\"font-family:&quot;Times New Roman&quot;,&quot;serif&quot;\">. V 4 t. T. 1 [Tractates. In 4 vol. Vol.&nbsp;1]. Moscow, Mysl&#39; Publ., 1976. 550 p. (In Russian)</span></span></span></span></p>\r\n\r\n<p><span style=\"font-size:11pt\"><span style=\"font-family:Calibri,sans-serif\"><span style=\"font-size:14.0pt\"><span style=\"font-family:&quot;Times New Roman&quot;,&quot;serif&quot;\">Blyumenberg Kh., Seir K.M., Ellyul&#39; Zh., Baier I., Ranp F., Yanikh N. </span></span><em><span style=\"font-size:14.0pt\"><span style=\"font-family:&quot;Times New Roman&quot;,&quot;serif&quot;\">Filosofiya tekhniki XX v.</span></span></em><span style=\"font-size:14.0pt\"><span style=\"font-family:&quot;Times New Roman&quot;,&quot;serif&quot;\"> [Philosophy of technology XX century]. Moscow, Tsentr gumanitarnykh tekhnologii Publ., 1998. 398 p.</span></span></span></span></p>\r\n\r\n<p><span style=\"font-size:11pt\"><span style=\"font-family:Calibri,sans-serif\"><span style=\"font-size:14.0pt\"><span style=\"font-family:&quot;Times New Roman&quot;,&quot;serif&quot;\">Dostoevskij F.M. Besy [Demons]. Dostoevskij F.M. </span></span><em><span style=\"font-size:14.0pt\"><span style=\"font-family:&quot;Times New Roman&quot;,&quot;serif&quot;\">Polnoe sobranie sochinenij</span></span></em><span style=\"font-size:14.0pt\"><span style=\"font-family:&quot;Times New Roman&quot;,&quot;serif&quot;\"> [Complete set of works]. In 30 vol. Vol. 10. Moscow, Nauka Publ., 1974. 530 p.</span></span></span></span></p>\r\n\r\n<p><span style=\"font-size:11pt\"><span style=\"font-family:Calibri,sans-serif\"><span style=\"font-size:14.0pt\"><span style=\"font-family:&quot;Times New Roman&quot;,&quot;serif&quot;\">Rozova S.S., comp. and execut. ed. </span></span><em><span style=\"font-size:14.0pt\"><span style=\"font-family:&quot;Times New Roman&quot;,&quot;serif&quot;\">Na tenevoj storone: materialy k istorii seminara M.A. Rozova po jepistemologii i filosofii nauki v Novosibirskom Akademgorodke</span></span></em><span style=\"font-size:14.0pt\"><span style=\"font-family:&quot;Times New Roman&quot;,&quot;serif&quot;\"> [On the shady side: materials for the history M.A. Rozov`s seminar on epistemology and philosophy of science in Akademgorodok]. Novosibirsk, NSU Publ., 1996. 340 p.</span></span></span></span></p>\r\n\r\n<p><span style=\"font-size:11pt\"><span style=\"font-family:Calibri,sans-serif\"><span style=\"font-size:14.0pt\"><span style=\"font-family:&quot;Times New Roman&quot;,&quot;serif&quot;\">Gegel&#39; G.V.F. </span></span><em><span style=\"font-size:14.0pt\"><span style=\"font-family:&quot;Times New Roman&quot;,&quot;serif&quot;\">Nauka logiki </span></span></em><span style=\"font-size:14.0pt\"><span style=\"font-family:&quot;Times New Roman&quot;,&quot;serif&quot;\">[The science of logic]</span></span><em><span style=\"font-size:14.0pt\"><span style=\"font-family:&quot;Times New Roman&quot;,&quot;serif&quot;\">.</span></span></em><span style=\"font-size:14.0pt\"><span style=\"font-family:&quot;Times New Roman&quot;,&quot;serif&quot;\"> Moscow, Mysl&#39; Publ., 1998. 1072 p. (In Russian)</span></span></span></span></p>\r\n\r\n<p><span style=\"font-size:11pt\"><span style=\"font-family:Calibri,sans-serif\"><span style=\"font-size:14.0pt\"><span style=\"font-family:&quot;Times New Roman&quot;,&quot;serif&quot;\">Kryukov V.V., Nikonenko A.V. [Virtual reality: concept and technical realization]. </span></span><em><span style=\"font-size:14.0pt\"><span style=\"font-family:&quot;Times New Roman&quot;,&quot;serif&quot;\">Sotsial&#39;no-gumanitarnye issledovaniya: sbornik nauchnykh trudov</span></span></em><span style=\"font-size:14.0pt\"><span style=\"font-family:&quot;Times New Roman&quot;,&quot;serif&quot;\"> [Social and humanitarian research: collection of scientific papers]. Novosibirsk, NSTU Publ., 2003, iss. 2, pp. 87&ndash;102.</span></span></span></span></p>\r\n\r\n<p><span style=\"font-size:11pt\"><span style=\"font-family:Calibri,sans-serif\"><span style=\"font-size:14.0pt\"><span style=\"font-family:&quot;Times New Roman&quot;,&quot;serif&quot;\">Rezaev A.V. [On communicating its social and philosophical reflection and the possibilities of sociology of communication]. </span></span><em><span style=\"font-size:14.0pt\"><span style=\"font-family:&quot;Times New Roman&quot;,&quot;serif&quot;\">Homo philosophans: sbornik statei k 60-letiyu professora K.A. Sergeeva</span></span></em><span style=\"font-size:14.0pt\"><span style=\"font-family:&quot;Times New Roman&quot;,&quot;serif&quot;\">. </span></span><em><span style=\"font-size:14.0pt\"><span style=\"font-family:&quot;Times New Roman&quot;,&quot;serif&quot;\">Mysliteli. </span></span></em><span style=\"font-size:14.0pt\"><span style=\"font-family:&quot;Times New Roman&quot;,&quot;serif&quot;\">Vyp. 12 [Homo philosophans: festschrift in honor of 60th anniversary of Professor K.A. Sergeev. Series &quot;Thinkers&quot;]. St. Petersburg., Sankt-Peterburgskoe filosofskoe obshchestvo Publ., 2002, iss. 12, pp. 375&ndash;395.</span></span></span></span></p>\r\n\r\n<p><span style=\"font-size:11pt\"><span style=\"font-family:Calibri,sans-serif\"><span style=\"font-size:14.0pt\"><span style=\"font-family:&quot;Times New Roman&quot;,&quot;serif&quot;\">Platon. Menon [Menon]. Platon.</span></span><em><span style=\"font-size:14.0pt\"><span style=\"font-family:&quot;Times New Roman&quot;,&quot;serif&quot;\"> Sobranie sochinenii.</span></span></em><span style=\"font-size:14.0pt\"><span style=\"font-family:&quot;Times New Roman&quot;,&quot;serif&quot;\"> V 4 t. T. 1 [Complete Works]. In 4 vol. Translation from the ancient Greek ed. A.F. Losev]. Moscow, Mysl&#39; Publ., 1990, vol. 1, pp.&nbsp;575&ndash;612. (In Russian)</span></span></span></span></p>\r\n\r\n<p><span style=\"font-size:11pt\"><span style=\"font-family:Calibri,sans-serif\"><span style=\"font-size:14.0pt\"><span style=\"font-family:&quot;Times New Roman&quot;,&quot;serif&quot;\">Platon. Fileb. 64S sl. i 66A sl. [Fileb. 64S etc. i 66A etc.]. Platon.</span></span><em><span style=\"font-size:14.0pt\"><span style=\"font-family:&quot;Times New Roman&quot;,&quot;serif&quot;\"> Sochineniya</span></span></em><span style=\"font-size:14.0pt\"><span style=\"font-family:&quot;Times New Roman&quot;,&quot;serif&quot;\">. V 3 t. T. 3. Ch. 1 [Works. Translation from the ancient Greek. In 3 vol.]. Moscow, Mysl&#39; Publ., 1971, vol. 3, pt. 1, pp. 9&ndash;87. (In Russian)</span></span></span></span></p>\r\n\r\n<p><span style=\"font-size:11pt\"><span style=\"font-family:Calibri,sans-serif\"><span style=\"font-size:14.0pt\"><span style=\"font-family:&quot;Times New Roman&quot;,&quot;serif&quot;\">Janich P. [Physics &ndash; natural science or technology?]. </span></span><em><span style=\"font-size:14.0pt\"><span style=\"font-family:&quot;Times New Roman&quot;,&quot;serif&quot;\">Filosofiya tekhniki v FRG</span></span></em><span style=\"font-size:14.0pt\"><span style=\"font-family:&quot;Times New Roman&quot;,&quot;serif&quot;\">: sbornik statei [Philosophy of technology in West Germany: digest of articles. Translated from German and English]. Moscow, Progress Publ., 1989, pp. 287&ndash;314.</span></span></span></span></p>\r\n\r\n<p><span style=\"font-size:11pt\"><span style=\"font-family:Calibri,sans-serif\"><strong><em><span style=\"font-size:14.0pt\"><span style=\"font-family:&quot;Times New Roman&quot;,&quot;serif&quot;\">Описание</span></span></em></strong> <strong><em><span style=\"font-size:14.0pt\"><span style=\"font-family:&quot;Times New Roman&quot;,&quot;serif&quot;\">материалов</span></span></em></strong> <strong><em><span style=\"font-size:14.0pt\"><span style=\"font-family:&quot;Times New Roman&quot;,&quot;serif&quot;\">конференции</span></span></em></strong></span></span></p>\r\n\r\n<p><span style=\"font-size:11pt\"><span style=\"font-family:Calibri,sans-serif\"><span style=\"font-size:14.0pt\"><span style=\"font-family:&quot;Times New Roman&quot;,&quot;serif&quot;\">Kryukov V.V. [Communication as a substance of personality]. </span></span><em><span style=\"font-size:14.0pt\"><span style=\"font-family:&quot;Times New Roman&quot;,&quot;serif&quot;\">Lichnost&#39; v dialoge: sbornik nauchnykh trudov po materialam Mezhdunarodnoi nauchno-prakticheskoi konferentsii</span></span></em><span style=\"font-size:14.0pt\"><span style=\"font-family:&quot;Times New Roman&quot;,&quot;serif&quot;\"> (Khabarovsk, 17&ndash;18 fevralya 2009 g.) [Personality in the Dialogue: collection of scientific papers on the materials of the international scientific and practical conference (Khabarovsk, 17&ndash;18 February 2009)]. Ed.&nbsp;by E.N.&nbsp;Tkach. Khabarovsk, DVGGU Publ., 2009, pp. 122&ndash;128.</span></span></span></span></p>\r\n\r\n<p><span style=\"font-size:11pt\"><span style=\"font-family:Calibri,sans-serif\"><span style=\"font-size:14.0pt\"><span style=\"font-family:&quot;Times New Roman&quot;,&quot;serif&quot;\">Proskurin S.G. To the question of a topical network of language and culture. </span></span><em><span style=\"font-size:14.0pt\"><span style=\"font-family:&quot;Times New Roman&quot;,&quot;serif&quot;\">Semiotics 2012: Semiotics and the new Media. Proceedings of the 37 Annual Meeting, </span></span></em><span style=\"font-size:14.0pt\"><span style=\"font-family:&quot;Times New Roman&quot;,&quot;serif&quot;\">Canada, Ottawa, 1&ndash;4 November 2012, 2013, pp. 125&ndash;132.</span></span></span></span></p>\r\n\r\n<p><span style=\"font-size:11pt\"><span style=\"font-family:Calibri,sans-serif\"><strong><em><span style=\"font-size:14.0pt\"><span style=\"font-family:&quot;Times New Roman&quot;,&quot;serif&quot;\">Описание</span></span></em></strong> <strong><em><span style=\"font-size:14.0pt\"><span style=\"font-family:&quot;Times New Roman&quot;,&quot;serif&quot;\">переводной</span></span></em></strong> <strong><em><span style=\"font-size:14.0pt\"><span style=\"font-family:&quot;Times New Roman&quot;,&quot;serif&quot;\">книги</span></span></em></strong></span></span></p>\r\n\r\n<p><span style=\"font-size:11pt\"><span style=\"font-family:Calibri,sans-serif\"><span style=\"font-size:14.0pt\"><span style=\"font-family:&quot;Times New Roman&quot;,&quot;serif&quot;\">Agazzi E. </span></span><em><span style=\"font-size:14.0pt\"><span style=\"font-family:&quot;Times New Roman&quot;,&quot;serif&quot;\">Right, wrong and science: the ethical dimensions of the techno-scientific enterprise</span></span></em><span style=\"font-size:14.0pt\"><span style=\"font-family:&quot;Times New Roman&quot;,&quot;serif&quot;\"> (Russ. ed.: Agatstsi E. </span></span><em><span style=\"font-size:14.0pt\"><span style=\"font-family:&quot;Times New Roman&quot;,&quot;serif&quot;\">Moral&#39;noe izmerenie nauki i tehniki</span></span></em><span style=\"font-size:14.0pt\"><span style=\"font-family:&quot;Times New Roman&quot;,&quot;serif&quot;\">. Translated from English. Moscow, Moskovskii filosofskii fond Publ., 1998. 344 p.).</span></span></span></span></p>\r\n\r\n<p><span style=\"font-size:11pt\"><span style=\"font-family:Calibri,sans-serif\"><span style=\"font-size:14.0pt\"><span style=\"font-family:&quot;Times New Roman&quot;,&quot;serif&quot;\">Teilhard de Chardin P. </span></span><em><span style=\"font-size:14.0pt\"><span style=\"font-family:&quot;Times New Roman&quot;,&quot;serif&quot;\">The phenomenon of man</span></span></em><span style=\"font-size:14.0pt\"><span style=\"font-family:&quot;Times New Roman&quot;,&quot;serif&quot;\">. 2nd ed. New York, Harper, 1965. 319&nbsp;p. (Russ. ed.: Teiyar de Sharden P. </span></span><em><span style=\"font-size:14.0pt\"><span style=\"font-family:&quot;Times New Roman&quot;,&quot;serif&quot;\">Fenomen cheloveka</span></span></em><span style=\"font-size:14.0pt\"><span style=\"font-family:&quot;Times New Roman&quot;,&quot;serif&quot;\">. Translated from French. Moscow, Nauka Publ., 1987. 240 p.).</span></span></span></span></p>\r\n\r\n<p><span style=\"font-size:11pt\"><span style=\"font-family:Calibri,sans-serif\"><span style=\"font-size:14.0pt\"><span style=\"font-family:&quot;Times New Roman&quot;,&quot;serif&quot;\">Heidegger M. </span></span><em><span style=\"font-size:14.0pt\"><span style=\"font-family:&quot;Times New Roman&quot;,&quot;serif&quot;\">Sein und Zeit</span></span></em><span style=\"font-size:14.0pt\"><span style=\"font-family:&quot;Times New Roman&quot;,&quot;serif&quot;\">. T&uuml;bingen, Max Niemeyer Verlag, 2006. 445 p. (Russ. ed.: Khaydegger M. </span></span><em><span style=\"font-size:14.0pt\"><span style=\"font-family:&quot;Times New Roman&quot;,&quot;serif&quot;\">Bytie i vremya</span></span></em><span style=\"font-size:14.0pt\"><span style=\"font-family:&quot;Times New Roman&quot;,&quot;serif&quot;\">. Translation from German V.V.&nbsp;Bibikhin. 3rd ed., rev. St.&nbsp;Petersburg, Nauka Publ., 2006. </span></span><span style=\"font-size:14.0pt\"><span style=\"font-family:&quot;Times New Roman&quot;,&quot;serif&quot;\">452 p.).</span></span></span></span></p>\r\n\r\n<p><span style=\"font-size:11pt\"><span style=\"font-family:Calibri,sans-serif\"><strong><em><span style=\"font-size:14.0pt\"><span style=\"font-family:&quot;Times New Roman&quot;,&quot;serif&quot;\">Описание</span></span></em></strong> <strong><em><span style=\"font-size:14.0pt\"><span style=\"font-family:&quot;Times New Roman&quot;,&quot;serif&quot;\">Интернет-ресурса</span></span></em></strong></span></span></p>\r\n\r\n<ol start=\"14607\">\r\n	<li><span style=\"font-size:11pt\"><span style=\"font-family:Calibri,sans-serif\"><span style=\"font-size:14.0pt\"><span style=\"font-family:&quot;Times New Roman&quot;,&quot;serif&quot;\">Medvedev: Dal&#39;nemu Vostoku nuzhen osobyi nalogovyi rezhim [Far East need a special tax regime]. </span></span><em><span style=\"font-size:14.0pt\"><span style=\"font-family:&quot;Times New Roman&quot;,&quot;serif&quot;\">RBK: Ekonomika</span></span></em><span style=\"font-size:14.0pt\"><span style=\"font-family:&quot;Times New Roman&quot;,&quot;serif&quot;\"> [RBC: Economics: web-site of the Information Agency &quot;RosBusinessConsulting&quot;], 2012, 17 September. Available at: http://top.rbc.ru/economics/17/09/2012/669967.shtml (accessed 09.04.2015). (In Russian)</span></span></span></span></li>\r\n</ol>\r\n\r\n<p><span style=\"font-size:11pt\"><span style=\"font-family:Calibri,sans-serif\"><span style=\"font-size:14.0pt\"><span style=\"font-family:&quot;Times New Roman&quot;,&quot;serif&quot;\">Karaganov S. Evropa bol&#39;she ne rastet [Europe is no longer growing]. </span></span><em><span style=\"font-size:14.0pt\"><span style=\"font-family:&quot;Times New Roman&quot;,&quot;serif&quot;\">Rossiiskaya gazeta</span></span></em><span style=\"font-size:14.0pt\"><span style=\"font-family:&quot;Times New Roman&quot;,&quot;serif&quot;\"> &ndash; </span></span><em><span style=\"font-size:14.0pt\"><span style=\"font-family:&quot;Times New Roman&quot;,&quot;serif&quot;\">Russia&#39;s Newspaper</span></span></em><span style=\"font-size:14.0pt\"><span style=\"font-family:&quot;Times New Roman&quot;,&quot;serif&quot;\">, 2011, 28 December. Available at: http://www.rg.ru/2011/12/28/eurocrizis.html (accessed 09.04.2015)</span></span></span></span></p>\r\n\r\n<p><span style=\"font-size:11pt\"><span style=\"font-family:Calibri,sans-serif\"><em><span style=\"font-size:14.0pt\"><span style=\"font-family:&quot;Times New Roman&quot;,&quot;serif&quot;\">Razumnikova O.M.</span></span></em><span style=\"font-size:14.0pt\"><span style=\"font-family:&quot;Times New Roman&quot;,&quot;serif&quot;\"> Divergent versus convergent thinking. </span></span><em><span style=\"font-size:14.0pt\"><span style=\"font-family:&quot;Times New Roman&quot;,&quot;serif&quot;\">Encyclopedia of Creativity, Invention, Innovation and Entrepreneurship</span></span></em><span style=\"font-size:14.0pt\"><span style=\"font-family:&quot;Times New Roman&quot;,&quot;serif&quot;\">. </span></span><span style=\"font-size:14.0pt\"><span style=\"font-family:&quot;Times New Roman&quot;,&quot;serif&quot;\">Dordrecht, Springer, 2013, pp. 546&ndash;552. 1 electron-optical disc (CD-ROM).</span></span></span></span></p>\r\n\r\n<p><span style=\"font-size:11pt\"><span style=\"font-family:Calibri,sans-serif\"><span style=\"font-size:14.0pt\"><span style=\"font-family:&quot;Times New Roman&quot;,&quot;serif&quot;\">Rozin V.M., ed. </span></span><em><span style=\"font-size:14.0pt\"><span style=\"font-family:&quot;Times New Roman&quot;,&quot;serif&quot;\">Tradicionnaja i sovremennaja tehnologija</span></span></em><span style=\"font-size:14.0pt\"><span style=\"font-family:&quot;Times New Roman&quot;,&quot;serif&quot;\"> [Traditional and modern technology]. Available at: http://iph.ras.ru/uplfile/root/biblio/1999/Tradic_tekhnologiya_1.pdf (accessed 31.08.2015).</span></span></span></span></p>\r\n\r\n<p><span style=\"font-size:11pt\"><span style=\"font-family:Calibri,sans-serif\"><span style=\"font-size:14.0pt\"><span style=\"font-family:&quot;Times New Roman&quot;,&quot;serif&quot;\">Resolution of Russian Government dated May 23, 1996 no. 633 &quot;On the Presidential grant to support research of young Russian scientists &ndash; doctors and state support of leading scientific schools of the Russian Federation. Available at: </span></span><span style=\"font-size:14.0pt\"><span style=\"font-family:&quot;Times New Roman&quot;,&quot;serif&quot;\"><a href=\"http://www.consultant.ru/document/cons_doc_LAW_10536/\"><span style=\"color:blue\">www.consultant.ru/document/cons_doc_LAW_10536/</span></a></span></span><span style=\"font-size:14.0pt\"><span style=\"font-family:&quot;Times New Roman&quot;,&quot;serif&quot;\"> (accessed 10.04.2015). (In Russian)</span></span></span></span></p>\r\n\r\n<p><span style=\"font-size:11pt\"><span style=\"font-family:Calibri,sans-serif\"><span style=\"font-size:14.0pt\"><span style=\"font-family:&quot;Times New Roman&quot;,&quot;serif&quot;\">RF Federal Law &quot;On industrial policy in the Russian Federation&quot; of December 31, 2014 no.&nbsp;488-FZ. </span></span><em><span style=\"font-size:14.0pt\"><span style=\"font-family:&quot;Times New Roman&quot;,&quot;serif&quot;\">Rossiiskaya gazeta &ndash; Russia&#39;s newspaper</span></span></em><span style=\"font-size:14.0pt\"><span style=\"font-family:&quot;Times New Roman&quot;,&quot;serif&quot;\">, 2015, 12 January. Available at: http://www.rg.ru/2015/01/12/promyshlennost-dok.html (accessed 09.04.2015). (In Russian)</span></span></span></span></p>\r\n\r\n<p><span style=\"font-size:11pt\"><span style=\"font-family:Calibri,sans-serif\"><strong><em><span style=\"font-size:14.0pt\"><span style=\"font-family:&quot;Times New Roman&quot;,&quot;serif&quot;\">Описание</span></span></em></strong> <strong><em><span style=\"font-size:14.0pt\"><span style=\"font-family:&quot;Times New Roman&quot;,&quot;serif&quot;\">диссертации</span></span></em></strong></span></span></p>\r\n\r\n<p><span style=\"font-size:11pt\"><span style=\"font-family:Calibri,sans-serif\"><em><span style=\"font-size:14.0pt\"><span style=\"font-family:&quot;Times New Roman&quot;,&quot;serif&quot;\">Pshenichnyi V.A. Uchetno-analiticheskoe obespechenie ekologicheskogo menedzhmenta predpriyatii gazovoi otrasli</span></span></em><span style=\"font-size:14.0pt\"><span style=\"font-family:&quot;Times New Roman&quot;,&quot;serif&quot;\">. Diss. kand. ekon. nauk [Registration and analytical ensuring ecological management of the enterprises of gas industry. PhD Diss. in Economics]. Stavropol&#39;, 2012. 149 p.</span></span></span></span></p>\r\n\r\n<p><span style=\"font-size:11pt\"><span style=\"font-family:Calibri,sans-serif\"><span style=\"font-size:14.0pt\"><span style=\"font-family:&quot;Times New Roman&quot;,&quot;serif&quot;\">Beloslyudova E.A. </span></span><em><span style=\"font-size:14.0pt\"><span style=\"font-family:&quot;Times New Roman&quot;,&quot;serif&quot;\">Formirovanie sistemy upravleniya sotsial&#39;noi zashchitoi invalidov v sfere truda</span></span></em><span style=\"font-size:14.0pt\"><span style=\"font-family:&quot;Times New Roman&quot;,&quot;serif&quot;\">. Diss. kand. ekon. nauk [Formation of a control system of social protection of disabled people in the workplace. PhD Diss. in Economics]. St. Petersburg, 1993. 274 p.</span></span></span></span></p>\r\n\r\n<p><br />\r\n&nbsp;</p>\r\n\r\n<p><span style=\"font-size:11pt\"><span style=\"font-family:Calibri,sans-serif\"><strong>&nbsp;</strong></span></span></p>\r\n\r\n<p><span style=\"font-size:11pt\"><span style=\"font-family:Calibri,sans-serif\"><strong><em><span style=\"font-size:14.0pt\"><span style=\"font-family:&quot;Times New Roman&quot;,&quot;serif&quot;\">Описание</span></span></em></strong> <strong><em><span style=\"font-size:14.0pt\"><span style=\"font-family:&quot;Times New Roman&quot;,&quot;serif&quot;\">автореферата</span></span></em></strong> <strong><em><span style=\"font-size:14.0pt\"><span style=\"font-family:&quot;Times New Roman&quot;,&quot;serif&quot;\">диссертации</span></span></em></strong></span></span></p>\r\n\r\n<p><span style=\"font-size:11pt\"><span style=\"font-family:Calibri,sans-serif\"><em><span style=\"font-size:14.0pt\"><span style=\"font-family:&quot;Times New Roman&quot;,&quot;serif&quot;\">Pshenichnyi V.A. Uchetno-analiticheskoe obespechenie ekologicheskogo menedzhmenta predpriyatii gazovoi otrasli</span></span></em><span style=\"font-size:14.0pt\"><span style=\"font-family:&quot;Times New Roman&quot;,&quot;serif&quot;\">. Avtoref. diss. kand. ekon. nauk [Registration and analytical ensuring ecological management of the enterprises of gas industry. Author&#39;s abstract of PhD in Economics]. Stavropol&#39;, 2012. 20 p.</span></span></span></span></p>\r\n\r\n<p><span style=\"font-size:11pt\"><span style=\"font-family:Calibri,sans-serif\"><strong><em><span style=\"font-size:14.0pt\"><span style=\"font-family:&quot;Times New Roman&quot;,&quot;serif&quot;\">Описание</span></span></em></strong> <strong><em><span style=\"font-size:14.0pt\"><span style=\"font-family:&quot;Times New Roman&quot;,&quot;serif&quot;\">архивных</span></span></em></strong> <strong><em><span style=\"font-size:14.0pt\"><span style=\"font-family:&quot;Times New Roman&quot;,&quot;serif&quot;\">документов</span></span></em></strong></span></span></p>\r\n\r\n<p><span style=\"font-size:11pt\"><span style=\"font-family:Calibri,sans-serif\"><span style=\"font-size:14.0pt\"><span style=\"font-family:&quot;Times New Roman&quot;,&quot;serif&quot;\">Vasnecov V.M. Vospominanija o Mamontove [Memoirs about Mamontov]. </span></span><em><span style=\"font-size:14.0pt\"><span style=\"font-family:&quot;Times New Roman&quot;,&quot;serif&quot;\">Rossiiskii gosudarstvennyi arkhiv literatury i iskusstva</span></span></em><span style=\"font-size:14.0pt\"><span style=\"font-family:&quot;Times New Roman&quot;,&quot;serif&quot;\"> [Russian State Archive of Literature and Arts]. F.&nbsp;799. Inv. 1. Doc. 308. L. 4.</span></span></span></span></p>\r\n\r\n<p><span style=\"font-size:11pt\"><span style=\"font-family:Calibri,sans-serif\"><span style=\"font-size:14.0pt\"><span style=\"font-family:&quot;Times New Roman&quot;,&quot;serif&quot;\">Vitte S.Yu. Vsepoddanneishii doklad ministra finansov S.Yu. Vitte o poezdke na Dal&#39;nii Vostok. Ch. 2 [Minister of Finance S.Y. Witte report to the emperor on trip to the Far East. Pt.&nbsp;2]. </span></span><em><span style=\"font-size:14.0pt\"><span style=\"font-family:&quot;Times New Roman&quot;,&quot;serif&quot;\">Rossiiskii gosudarstvennyi istoricheskii arkhiv</span></span></em><span style=\"font-size:14.0pt\"><span style=\"font-family:&quot;Times New Roman&quot;,&quot;serif&quot;\"> [Russian State Historical Archive]. F.&nbsp;560. Inv. 22. </span></span><span style=\"font-size:14.0pt\"><span style=\"font-family:&quot;Times New Roman&quot;,&quot;serif&quot;\">Doc. 267. L. 8&ndash;9.</span></span></span></span></p>\r\n\r\n<p>&nbsp;</p>',15),(30,0,'en',NULL,NULL,15),(31,1,'ru','Стандарт: \"Сведения об авторе\"','<p style=\"text-align:center\"><span style=\"font-size:11pt\"><span style=\"font-family:Calibri,sans-serif\"><strong><span style=\"font-size:14.0pt\"><span style=\"font-family:&quot;Times New Roman&quot;,&quot;serif&quot;\">СВЕДЕНИЯ&nbsp; ОБ&nbsp; АВТОРЕ</span></span></strong></span></span></p>\r\n\r\n<p style=\"text-align:center\"><span style=\"font-size:11pt\"><span style=\"font-family:Calibri,sans-serif\"><em><span style=\"font-size:14.0pt\"><span style=\"font-family:&quot;Times New Roman&quot;,&quot;serif&quot;\">г. <u>Новосибирск</u></span></span></em><span style=\"font-size:14.0pt\"><span style=\"font-family:&quot;Times New Roman&quot;,&quot;serif&quot;\">&nbsp;&nbsp;&nbsp;&nbsp;&nbsp;&nbsp;&nbsp;&nbsp;&nbsp;&nbsp;&nbsp;&nbsp;&nbsp;&nbsp;&nbsp;&nbsp;&nbsp;&nbsp;&nbsp;&nbsp;&nbsp;&nbsp;&nbsp;&nbsp;&nbsp;&nbsp;&nbsp;&nbsp;&nbsp;&nbsp;&nbsp;&nbsp;&nbsp;&nbsp;&nbsp;&nbsp;&nbsp;&nbsp;&nbsp;&nbsp;&nbsp;&nbsp;&nbsp;&nbsp;&nbsp;&nbsp;&nbsp;&nbsp;&nbsp;&nbsp;&nbsp;&nbsp;&nbsp;&nbsp;&nbsp;&nbsp;&nbsp;&nbsp;&nbsp;&nbsp;&nbsp;&nbsp;&nbsp;&nbsp;&nbsp;&nbsp;&nbsp;&nbsp;&nbsp;&nbsp;&nbsp;&nbsp;&nbsp;&nbsp;&nbsp;&nbsp;&nbsp;&nbsp;&nbsp;&nbsp;&nbsp;&nbsp;&nbsp;&nbsp;&nbsp;&nbsp;&nbsp;&nbsp;&nbsp;&nbsp;&nbsp;&nbsp;&nbsp;&nbsp;&nbsp;&nbsp;&nbsp;&nbsp;&nbsp;&nbsp;&nbsp;&nbsp;&nbsp;&nbsp;&nbsp;&nbsp;&nbsp;&nbsp;&nbsp;&nbsp;&nbsp;&nbsp;&nbsp;&nbsp;&nbsp;&nbsp;&nbsp;&nbsp;&nbsp;&nbsp;&nbsp;&nbsp;&nbsp;&nbsp;&nbsp;&nbsp;&nbsp;&nbsp;&nbsp;&nbsp;&nbsp;&nbsp;&nbsp;&nbsp;&nbsp;&nbsp;&nbsp;&nbsp;&nbsp; &nbsp;&nbsp;&nbsp;&nbsp;&nbsp;&nbsp;&nbsp;&nbsp;&nbsp;&nbsp;&nbsp; &laquo;__&raquo; &laquo;________&raquo; 201_ г.</span></span></span></span></p>\r\n\r\n<p><span style=\"font-size:11pt\"><span style=\"font-family:Calibri,sans-serif\"><span style=\"font-size:14.0pt\"><span style=\"font-family:&quot;Times New Roman&quot;,&quot;serif&quot;\">Я, </span></span><em><u><span style=\"font-size:14.0pt\"><span style=\"font-family:&quot;Times New Roman&quot;,&quot;serif&quot;\">Иванов Иван Петрович</span></span></u></em><span style=\"font-size:14.0pt\"><span style=\"font-family:&quot;Times New Roman&quot;,&quot;serif&quot;\">, настоящим даю журналу &laquo;Идеи и идеалы&raquo; свое добровольное согласие на обработку моих персональных данных: фамилии, имени, отчества, сведений о научной степени, звании, месте работы и должности, коде ORCID, адресе эл. почты, а также других сведений обо мне, имеющихся в открытых источниках в публичном доступе. Данным согласием я разрешаю сбор моих персональных данных, их хранение, систематизацию, обновление, использование (в т.ч. передачу третьим лицам для анализа и индексирования в наукометрических базах данных), а также осуществление любых иных действий, предусмотренных действующим законодательством Российской Федерации.</span></span></span></span></p>\r\n\r\n<p><span style=\"font-size:11pt\"><span style=\"font-family:Calibri,sans-serif\"><span style=\"font-size:14.0pt\"><span style=\"font-family:&quot;Times New Roman&quot;,&quot;serif&quot;\">Я даю согласие на использование персональных данных исключительно в целях их публикации в журнале &laquo;Идеи и идеалы&raquo; в бумажном виде и на сайте журнала в электронном виде, в разделах &laquo;Сведения об авторе&raquo; статьи и сайта, а также на публикацию и хранение всех вышеназванных данных в базах данных журнала и всех российских и в международных наукометрических базах данных.</span></span></span></span></p>\r\n\r\n<p><span style=\"font-size:11pt\"><span style=\"font-family:Calibri,sans-serif\"><span style=\"font-size:14.0pt\"><span style=\"font-family:&quot;Times New Roman&quot;,&quot;serif&quot;\">Данные должны быть представлены в точном соответствии с прилагаемым образцом, на русском и английском языках.</span></span></span></span></p>\r\n\r\n<table class=\"Table\" style=\"border:undefined\">\r\n	<tbody>\r\n		<tr>\r\n			<td style=\"width:369.75pt\">\r\n			<p><span style=\"font-size:11pt\"><span style=\"font-family:Calibri,sans-serif\"><strong><span style=\"font-size:14.0pt\"><span style=\"font-family:&quot;Times New Roman&quot;,&quot;serif&quot;\">Иванов Иван Петрович,</span></span></strong></span></span></p>\r\n\r\n			<p><span style=\"font-size:11pt\"><span style=\"font-family:Calibri,sans-serif\"><em><span style=\"font-size:14.0pt\"><span style=\"font-family:&quot;Times New Roman&quot;,&quot;serif&quot;\">доктор экономических наук, профессор,</span></span></em></span></span></p>\r\n\r\n			<p><span style=\"font-size:11pt\"><span style=\"font-family:Calibri,sans-serif\"><em><span style=\"font-size:14.0pt\"><span style=\"font-family:&quot;Times New Roman&quot;,&quot;serif&quot;\">ведущий научный сотрудник Института экономики СО РАН,</span></span></em></span></span></p>\r\n\r\n			<p><span style=\"font-size:11pt\"><span style=\"font-family:Calibri,sans-serif\"><em><span style=\"font-size:14.0pt\"><span style=\"font-family:&quot;Times New Roman&quot;,&quot;serif&quot;\">Россия, 620090, Новосибирск, проспект академика Лаврентьева, 17,</span></span></em></span></span></p>\r\n\r\n			<p><span style=\"font-size:11pt\"><span style=\"font-family:Calibri,sans-serif\"><em><span style=\"font-size:14.0pt\"><span style=\"font-family:&quot;Times New Roman&quot;,&quot;serif&quot;\">профессор кафедры экономики</span></span></em></span></span></p>\r\n\r\n			<p><span style=\"font-size:11pt\"><span style=\"font-family:Calibri,sans-serif\"><em><span style=\"font-size:14.0pt\"><span style=\"font-family:&quot;Times New Roman&quot;,&quot;serif&quot;\">Новосибирского государственного университета,</span></span></em></span></span></p>\r\n\r\n			<p><span style=\"font-size:11pt\"><span style=\"font-family:Calibri,sans-serif\"><em><span style=\"font-size:14.0pt\"><span style=\"font-family:&quot;Times New Roman&quot;,&quot;serif&quot;\">&nbsp;Россия, 630090, Новосибирск, ул. Пирогова 1 </span></span></em></span></span></p>\r\n\r\n			<p><span style=\"font-size:11pt\"><span style=\"font-family:Calibri,sans-serif\"><span style=\"font-size:14.0pt\"><span style=\"font-family:&quot;Times New Roman&quot;,&quot;serif&quot;\">ORCID: 0000-0002-4011-0000</span></span></span></span></p>\r\n\r\n			<p><span style=\"font-size:11pt\"><span style=\"font-family:Calibri,sans-serif\"><span style=\"font-size:14.0pt\"><span style=\"font-family:&quot;Times New Roman&quot;,&quot;serif&quot;\"><a href=\"mailto:ivanov@gmail.com\"><span style=\"color:blue\">ivanov@gmail.com</span></a></span></span></span></span></p>\r\n\r\n			<p><span style=\"font-size:11pt\"><span style=\"font-family:Calibri,sans-serif\"><strong>&nbsp;</strong></span></span></p>\r\n			</td>\r\n			<td style=\"width:369.75pt\">\r\n			<p><span style=\"font-size:11pt\"><span style=\"font-family:Calibri,sans-serif\"><strong><span style=\"font-size:14.0pt\"><span style=\"font-family:&quot;Times New Roman&quot;,&quot;serif&quot;\">Ivanov Ivan</span></span></strong></span></span></p>\r\n\r\n			<p><span style=\"font-size:11pt\"><span style=\"font-family:Calibri,sans-serif\"><em><span style=\"font-size:14.0pt\"><span style=\"font-family:&quot;Times New Roman&quot;,&quot;serif&quot;\">Dr of Sc. (Economics), Professor</span></span></em></span></span></p>\r\n\r\n			<p><span style=\"font-size:11pt\"><span style=\"font-family:Calibri,sans-serif\"><em><span style=\"font-size:14.0pt\"><span style=\"font-family:&quot;Times New Roman&quot;,&quot;serif&quot;\">Leading Researcher, Institute of Economics, SB RAS,</span></span></em></span></span></p>\r\n\r\n			<p><span style=\"font-size:11pt\"><span style=\"font-family:Calibri,sans-serif\"><em><span style=\"font-size:14.0pt\"><span style=\"font-family:&quot;Times New Roman&quot;,&quot;serif&quot;\">17, Lavrentyev Ave., Novosibirsk, 630090, Russian Federation</span></span></em></span></span></p>\r\n\r\n			<p><span style=\"font-size:11pt\"><span style=\"font-family:Calibri,sans-serif\"><em><span style=\"font-size:14.0pt\"><span style=\"font-family:&quot;Times New Roman&quot;,&quot;serif&quot;\">Professor, Department of Economic, </span></span></em></span></span></p>\r\n\r\n			<p><span style=\"font-size:11pt\"><span style=\"font-family:Calibri,sans-serif\"><em><span style=\"font-size:14.0pt\"><span style=\"font-family:&quot;Times New Roman&quot;,&quot;serif&quot;\">Novosibirsk State University, </span></span></em></span></span></p>\r\n\r\n			<p><span style=\"font-size:11pt\"><span style=\"font-family:Calibri,sans-serif\"><em><span style=\"font-size:14.0pt\"><span style=\"font-family:&quot;Times New Roman&quot;,&quot;serif&quot;\">1, Pirogova Str., Novosibirsk, 630090, Russian Federation </span></span></em></span></span></p>\r\n\r\n			<p><span style=\"font-size:11pt\"><span style=\"font-family:Calibri,sans-serif\"><span style=\"font-size:14.0pt\"><span style=\"font-family:&quot;Times New Roman&quot;,&quot;serif&quot;\">ORCID: 0000-0002-4011-0000</span></span></span></span></p>\r\n\r\n			<p><span style=\"font-size:11pt\"><span style=\"font-family:Calibri,sans-serif\"><span style=\"font-size:14.0pt\"><span style=\"font-family:&quot;Times New Roman&quot;,&quot;serif&quot;\"><a href=\"mailto:ivanov@gmail.com\"><span style=\"color:blue\">ivanov@gmail.com</span></a></span></span></span></span></p>\r\n			</td>\r\n		</tr>\r\n	</tbody>\r\n</table>\r\n\r\n<p><span style=\"font-size:11pt\"><span style=\"font-family:Calibri,sans-serif\"><strong>&nbsp;</strong></span></span></p>\r\n\r\n<p><span style=\"font-size:11pt\"><span style=\"font-family:Calibri,sans-serif\"><span style=\"font-size:14.0pt\"><span style=\"font-family:&quot;Times New Roman&quot;,&quot;serif&quot;\">В соответствии с положениями п.2 статьи 434 Гражданского кодекса РФ предоставлением настоящего Согласия является его пересылка в электронном виде журналу &laquo;Идеи и идеалы&raquo; по адресу <a href=\"mailto:ideyiidealy@gmail.com\"><span style=\"color:blue\">ideyiidealy@gmail.com</span></a> с вышеуказанного электронного адреса автора.</span></span></span></span></p>\r\n\r\n<p>&nbsp;</p>',16),(32,0,'en',NULL,NULL,16),(33,1,'ru','Стандарт: \"ЗАЯВКА НА ПУБЛИКАЦИЮ СТАТЬИ\"','<p><span style=\"font-size:11pt\"><span style=\"font-family:Calibri,sans-serif\"><strong><span style=\"font-size:14.0pt\"><span style=\"font-family:&quot;Times New Roman&quot;,&quot;serif&quot;\">СТАНДАРТ &laquo;ЗАЯВКА НА ПУБЛИКАЦИЮ СТАТЬИ&raquo;</span></span></strong></span></span></p>\r\n\r\n<p style=\"text-align:center\"><span style=\"font-size:11pt\"><span style=\"font-family:Calibri,sans-serif\"><strong><em><span style=\"font-size:14.0pt\"><span style=\"font-family:&quot;Times New Roman&quot;,&quot;serif&quot;\">Для статьи одного автора:</span></span></em></strong></span></span></p>\r\n\r\n<p><span style=\"font-size:11pt\"><span style=\"font-family:Calibri,sans-serif\"><span style=\"font-size:14.0pt\"><span style=\"font-family:&quot;Times New Roman&quot;,&quot;serif&quot;\">Главному редактору журнала &laquo;Идеи и Идеалы&raquo;</span></span></span></span></p>\r\n\r\n<p><span style=\"font-size:11pt\"><span style=\"font-family:Calibri,sans-serif\"><span style=\"font-size:14.0pt\"><span style=\"font-family:&quot;Times New Roman&quot;,&quot;serif&quot;\">О.А. Донских</span></span></span></span></p>\r\n\r\n<p><span style=\"font-size:11pt\"><span style=\"font-family:Calibri,sans-serif\"><strong>&nbsp;</strong></span></span></p>\r\n\r\n<p><span style=\"font-size:11pt\"><span style=\"font-family:Calibri,sans-serif\"><strong><span style=\"font-size:14.0pt\"><span style=\"font-family:&quot;Times New Roman&quot;,&quot;serif&quot;\">ЗАЯВКА НА ПУБЛИКАЦИЮ СТАТЬИ</span></span></strong></span></span></p>\r\n\r\n<p><span style=\"font-size:11pt\"><span style=\"font-family:Calibri,sans-serif\"><span style=\"font-size:14.0pt\"><span style=\"font-family:&quot;Times New Roman&quot;,&quot;serif&quot;\">&nbsp; &nbsp; &nbsp; &nbsp; &nbsp;Направляю в редакцию свою статью (</span></span><em><span style=\"font-size:14.0pt\"><span style=\"font-family:&quot;Times New Roman&quot;,&quot;serif&quot;\">Заголовок</span></span></em><span style=\"font-size:14.0pt\"><span style=\"font-family:&quot;Times New Roman&quot;,&quot;serif&quot;\">) для рассмотрения возможности ее публикации в журнале &laquo;Идеи и идеалы&raquo;. Настоящим гарантирую, что данная статья ранее не публиковалась в ее нынешней или близкой по содержанию форме, не находится на рассмотрении в редакциях других изданий и не содержит некорректных заимствований.&nbsp;</span></span></span></span></p>\r\n\r\n<p><span style=\"font-size:11pt\"><span style=\"font-family:Calibri,sans-serif\"><em><span style=\"font-size:14.0pt\"><span style=\"font-family:&quot;Times New Roman&quot;,&quot;serif&quot;\">(подпись)</span></span></em><span style=\"font-size:14.0pt\"><span style=\"font-family:&quot;Times New Roman&quot;,&quot;serif&quot;\">/ </span></span><em><span style=\"font-size:14.0pt\"><span style=\"font-family:&quot;Times New Roman&quot;,&quot;serif&quot;\">ФИО автора</span></span></em></span></span></p>\r\n\r\n<p style=\"text-align:center\"><span style=\"font-size:11pt\"><span style=\"font-family:Calibri,sans-serif\"><strong><em><span style=\"font-size:14.0pt\"><span style=\"font-family:&quot;Times New Roman&quot;,&quot;serif&quot;\">Для статьи двух и более авторов:</span></span></em></strong></span></span></p>\r\n\r\n<p><span style=\"font-size:11pt\"><span style=\"font-family:Calibri,sans-serif\"><span style=\"font-size:14.0pt\"><span style=\"font-family:&quot;Times New Roman&quot;,&quot;serif&quot;\">Главному редактору журнала &laquo;Идеи и идеалы&raquo;</span></span></span></span></p>\r\n\r\n<p><span style=\"font-size:11pt\"><span style=\"font-family:Calibri,sans-serif\"><span style=\"font-size:14.0pt\"><span style=\"font-family:&quot;Times New Roman&quot;,&quot;serif&quot;\">О.А. Донских</span></span></span></span></p>\r\n\r\n<p><span style=\"font-size:11pt\"><span style=\"font-family:Calibri,sans-serif\"><strong>&nbsp;</strong></span></span></p>\r\n\r\n<p><span style=\"font-size:11pt\"><span style=\"font-family:Calibri,sans-serif\"><strong><span style=\"font-size:14.0pt\"><span style=\"font-family:&quot;Times New Roman&quot;,&quot;serif&quot;\">ЗАЯВКА НА ПУБЛИКАЦИЮ СТАТЬИ</span></span></strong></span></span></p>\r\n\r\n<p><span style=\"font-size:11pt\"><span style=\"font-family:Calibri,sans-serif\"><span style=\"font-size:14.0pt\"><span style=\"font-family:&quot;Times New Roman&quot;,&quot;serif&quot;\">Направляем в редакцию статью </span></span><em><span style=\"font-size:14.0pt\"><span style=\"font-family:&quot;Times New Roman&quot;,&quot;serif&quot;\">(Заголовок)</span></span></em><span style=\"font-size:14.0pt\"><span style=\"font-family:&quot;Times New Roman&quot;,&quot;serif&quot;\"> для рассмотрения возможности ее публикации в журнале &laquo;Идеи и идеалы&raquo;. Авторами статьи являются:</span></span></span></span></p>\r\n\r\n<ol>\r\n	<li><span style=\"font-size:11pt\"><span style=\"font-family:Calibri,sans-serif\"><em><span style=\"font-size:14.0pt\"><span style=\"font-family:&quot;Times New Roman&quot;,&quot;serif&quot;\">Фамилия, Имя, Отчество 1</span></span></em></span></span></li>\r\n	<li><span style=\"font-size:11pt\"><span style=\"font-family:Calibri,sans-serif\"><em><span style=\"font-size:14.0pt\"><span style=\"font-family:&quot;Times New Roman&quot;,&quot;serif&quot;\">ФИО для всех соавторов</span></span></em><span style=\"font-size:14.0pt\"><span style=\"font-family:&quot;Times New Roman&quot;,&quot;serif&quot;\">. 2 и т.д.</span></span></span></span></li>\r\n</ol>\r\n\r\n<p><span style=\"font-size:11pt\"><span style=\"font-family:Calibri,sans-serif\"><span style=\"font-size:14.0pt\"><span style=\"font-family:&quot;Times New Roman&quot;,&quot;serif&quot;\">&nbsp; &nbsp; &nbsp; &nbsp; &nbsp;Авторы гарантируют, что предлагаемая статья ранее не публиковалась в ее нынешней или близкой по содержанию форме, не находится на рассмотрении в редакциях других изданий и не содержит некорректных заимствований. Полномочным представителем, ответственным за переписку с редакцией по поводу публикации данной статьи, по решению авторов является </span></span><em><span style=\"font-size:14.0pt\"><span style=\"font-family:&quot;Times New Roman&quot;,&quot;serif&quot;\">(Имя, Фамилия, Отчество).</span></span></em></span></span></p>\r\n\r\n<p><span style=\"font-size:11pt\"><span style=\"font-family:Calibri,sans-serif\"><span style=\"font-size:14.0pt\"><span style=\"font-family:&quot;Times New Roman&quot;,&quot;serif&quot;\">По поручению и от имени всех соавторов их полномочный представитель</span></span></span></span></p>\r\n\r\n<p><span style=\"font-size:11pt\"><span style=\"font-family:Calibri,sans-serif\"><span style=\"font-size:14.0pt\"><span style=\"font-family:&quot;Times New Roman&quot;,&quot;serif&quot;\">__________________ / </span></span><em><span style=\"font-size:14.0pt\"><span style=\"font-family:&quot;Times New Roman&quot;,&quot;serif&quot;\">ФИО</span></span></em></span></span></p>\r\n\r\n<p><span style=\"font-size:11pt\"><span style=\"font-family:Calibri,sans-serif\"><em><span style=\"font-size:14.0pt\"><span style=\"font-family:&quot;Times New Roman&quot;,&quot;serif&quot;\">(подпись)&nbsp;&nbsp; </span></span></em></span></span></p>\r\n\r\n<p>&nbsp;</p>\r\n\r\n<p><span style=\"font-size:11pt\"><span style=\"font-family:Calibri,sans-serif\"><em><span style=\"font-size:14.0pt\"><span style=\"font-family:&quot;Times New Roman&quot;,&quot;serif&quot;\">&nbsp;Гарантийное письмо должно быть подписано и передано в редакцию в отсканированном виде</span></span></em><span style=\"font-size:14.0pt\"><span style=\"font-family:&quot;Times New Roman&quot;,&quot;serif&quot;\">.</span></span></span></span></p>\r\n\r\n<p>&nbsp;</p>',17),(34,0,'en',NULL,NULL,17);
/*!40000 ALTER TABLE `meta_pages` ENABLE KEYS */;
UNLOCK TABLES;

--
-- Table structure for table `meta_users`
--

DROP TABLE IF EXISTS `meta_users`;
/*!40101 SET @saved_cs_client     = @@character_set_client */;
/*!40101 SET character_set_client = utf8 */;
CREATE TABLE `meta_users` (
  `id` int(10) unsigned NOT NULL AUTO_INCREMENT,
  `user_id` int(10) unsigned NOT NULL DEFAULT '0',
  `lang` varchar(255) COLLATE utf8mb4_unicode_ci NOT NULL,
  `full_name` varchar(255) COLLATE utf8mb4_unicode_ci NOT NULL,
  `short_name` varchar(255) COLLATE utf8mb4_unicode_ci DEFAULT NULL,
  `first_name` varchar(255) COLLATE utf8mb4_unicode_ci DEFAULT NULL,
  `last_name` varchar(255) COLLATE utf8mb4_unicode_ci DEFAULT NULL,
  `patronymic` varchar(255) COLLATE utf8mb4_unicode_ci DEFAULT NULL,
  `initials` varchar(255) COLLATE utf8mb4_unicode_ci DEFAULT NULL,
  `degree` text COLLATE utf8mb4_unicode_ci,
  `jobs` text COLLATE utf8mb4_unicode_ci,
  `description` text COLLATE utf8mb4_unicode_ci,
  PRIMARY KEY (`id`),
  KEY `meta_users_user_id_foreign` (`user_id`),
  CONSTRAINT `meta_users_user_id_foreign` FOREIGN KEY (`user_id`) REFERENCES `users` (`id`) ON DELETE CASCADE ON UPDATE CASCADE
) ENGINE=InnoDB AUTO_INCREMENT=1713 DEFAULT CHARSET=utf8mb4 COLLATE=utf8mb4_unicode_ci;
/*!40101 SET character_set_client = @saved_cs_client */;

--
-- Dumping data for table `meta_users`
--

LOCK TABLES `meta_users` WRITE;
/*!40000 ALTER TABLE `meta_users` DISABLE KEYS */;
INSERT INTO `meta_users` VALUES (1,1,'ru','Администратор',NULL,NULL,NULL,NULL,NULL,NULL,NULL,NULL),(2,1,'en','Administrator',NULL,NULL,NULL,NULL,NULL,NULL,NULL,NULL),(3,2,'ru','Редактор',NULL,NULL,NULL,NULL,NULL,NULL,NULL,NULL),(4,2,'en','Editor',NULL,NULL,NULL,NULL,NULL,NULL,NULL,NULL);
/*!40000 ALTER TABLE `meta_users` ENABLE KEYS */;
UNLOCK TABLES;

--
-- Table structure for table `migrations`
--

DROP TABLE IF EXISTS `migrations`;
/*!40101 SET @saved_cs_client     = @@character_set_client */;
/*!40101 SET character_set_client = utf8 */;
CREATE TABLE `migrations` (
  `id` int(10) unsigned NOT NULL AUTO_INCREMENT,
  `migration` varchar(255) COLLATE utf8mb4_unicode_ci NOT NULL,
  `batch` int(11) NOT NULL,
  PRIMARY KEY (`id`)
) ENGINE=InnoDB AUTO_INCREMENT=22 DEFAULT CHARSET=utf8mb4 COLLATE=utf8mb4_unicode_ci;
/*!40101 SET character_set_client = @saved_cs_client */;

--
-- Dumping data for table `migrations`
--

LOCK TABLES `migrations` WRITE;
/*!40000 ALTER TABLE `migrations` DISABLE KEYS */;
INSERT INTO `migrations` VALUES (1,'2014_10_12_000000_create_users_table',1),(2,'2014_10_12_100000_create_password_resets_table',1),(3,'2018_05_04_031835_CreateArticlesTable',1),(4,'2018_05_04_044008_CreateStatusTable',1),(5,'2018_05_04_044114_CreateCategoriesTable',1),(6,'2018_05_04_044255_CreateTagsTable',1),(7,'2018_05_04_090846_CreateMenusTable',1),(8,'2018_05_14_045956_CreateIssuesTable',1),(9,'2018_05_14_061028_CreateJobsTable',1),(10,'2018_05_14_061222_ChangeArticlesTable',1),(11,'2018_05_14_061725_CreateUserJobTable',1),(12,'2018_05_14_062419_CreateArticleUserTable',1),(13,'2018_05_14_065135_CreateArticleTagTable',1),(14,'2018_05_14_065526_CreateArticleCategoryTable',1),(15,'2018_06_29_062956_CreateFilesTable',1),(16,'2018_08_28_145522_create_meta_article_table',1),(17,'2018_09_02_100306_create_meta_users_table',1),(18,'2019_06_01_025841_create_pages_table',1),(19,'2019_06_01_032504_create_meta_pages_table',1),(20,'2019_06_05_231322_create_meta_menus_table',1),(21,'2019_07_21_042429_create_redcols_table',1);
/*!40000 ALTER TABLE `migrations` ENABLE KEYS */;
UNLOCK TABLES;

--
-- Table structure for table `pages`
--

DROP TABLE IF EXISTS `pages`;
/*!40101 SET @saved_cs_client     = @@character_set_client */;
/*!40101 SET character_set_client = utf8 */;
CREATE TABLE `pages` (
  `id` int(10) unsigned NOT NULL AUTO_INCREMENT,
  `alias` varchar(255) COLLATE utf8mb4_unicode_ci NOT NULL,
  `template` varchar(255) COLLATE utf8mb4_unicode_ci NOT NULL DEFAULT 'common',
  `show_top_menu` tinyint(1) NOT NULL DEFAULT '1',
  `show_sidebar_menu` tinyint(1) NOT NULL DEFAULT '0',
  `show_review_menu` tinyint(1) NOT NULL DEFAULT '0',
  `created_at` timestamp NULL DEFAULT NULL,
  `updated_at` timestamp NULL DEFAULT NULL,
  `status_id` int(10) unsigned NOT NULL DEFAULT '1',
  PRIMARY KEY (`id`),
  UNIQUE KEY `pages_alias_unique` (`alias`),
  KEY `pages_status_id_foreign` (`status_id`),
  CONSTRAINT `pages_status_id_foreign` FOREIGN KEY (`status_id`) REFERENCES `status` (`id`)
) ENGINE=InnoDB AUTO_INCREMENT=18 DEFAULT CHARSET=utf8mb4 COLLATE=utf8mb4_unicode_ci;
/*!40101 SET character_set_client = @saved_cs_client */;

--
-- Dumping data for table `pages`
--

LOCK TABLES `pages` WRITE;
/*!40000 ALTER TABLE `pages` DISABLE KEYS */;
INSERT INTO `pages` VALUES (1,'','mainpage',1,1,0,'2019-07-27 21:51:40','2019-08-11 17:28:56',1),(2,'articles','currentissue',1,0,0,'2019-07-27 21:51:40','2019-07-27 21:51:40',1),(3,'archive','archive',1,0,0,'2019-07-27 21:51:40','2019-07-27 21:51:40',1),(4,'redkollegiya','redkollegiya',1,0,0,'2019-07-27 21:51:40','2019-07-27 21:51:40',1),(5,'contacts','contacts',1,0,0,'2019-07-27 21:51:40','2019-08-16 21:03:05',1),(6,'authors','authors',1,0,0,'2019-07-27 21:51:40','2019-07-27 21:51:40',1),(7,'informaciya-dlya-avtorov','common',1,0,1,'2019-07-27 21:51:40','2019-08-11 18:08:33',1),(8,'missiya','common',1,1,0,'2019-07-27 21:51:40','2019-08-11 18:06:41',1),(9,'deklaraciya-ob-etike','common',1,1,0,'2019-07-27 21:51:40','2019-08-11 18:07:44',1),(10,'politics-of-journal','common',1,1,0,'2019-07-27 21:51:40','2019-08-11 18:08:20',1),(11,'poryadok-recenzirovaniya','common',1,0,1,'2019-07-27 21:51:40','2019-08-11 17:53:32',1),(12,'trebovaniya-k-oformleniyu-rukopisi','common',1,0,1,'2019-07-27 21:51:40','2019-08-11 18:08:59',1),(13,'primery-oformleniya-literatury','common',1,0,1,'2019-07-27 21:51:40','2019-08-11 17:56:33',1),(14,'podpiska-i-pokupka','common',1,0,0,'2019-08-11 17:50:21','2019-08-11 18:06:07',1),(15,'primeri-oformleniya-referens','common',1,0,0,'2019-08-11 17:57:14','2019-08-11 17:57:14',1),(16,'standart-svedeniya-ob-avtore','common',1,0,0,'2019-08-11 17:57:57','2019-08-11 17:57:57',1),(17,'standart-zayavka-na-publikaciyu-stati','common',1,0,0,'2019-08-11 17:58:37','2019-08-11 17:58:37',1);
/*!40000 ALTER TABLE `pages` ENABLE KEYS */;
UNLOCK TABLES;

--
-- Table structure for table `password_resets`
--

DROP TABLE IF EXISTS `password_resets`;
/*!40101 SET @saved_cs_client     = @@character_set_client */;
/*!40101 SET character_set_client = utf8 */;
CREATE TABLE `password_resets` (
  `email` varchar(255) COLLATE utf8mb4_unicode_ci NOT NULL,
  `token` varchar(255) COLLATE utf8mb4_unicode_ci NOT NULL,
  `created_at` timestamp NULL DEFAULT NULL,
  KEY `password_resets_email_index` (`email`)
) ENGINE=InnoDB DEFAULT CHARSET=utf8mb4 COLLATE=utf8mb4_unicode_ci;
/*!40101 SET character_set_client = @saved_cs_client */;

--
-- Dumping data for table `password_resets`
--

LOCK TABLES `password_resets` WRITE;
/*!40000 ALTER TABLE `password_resets` DISABLE KEYS */;
/*!40000 ALTER TABLE `password_resets` ENABLE KEYS */;
UNLOCK TABLES;

--
-- Table structure for table `redcols`
--

DROP TABLE IF EXISTS `redcols`;
/*!40101 SET @saved_cs_client     = @@character_set_client */;
/*!40101 SET character_set_client = utf8 */;
CREATE TABLE `redcols` (
  `id` bigint(20) unsigned NOT NULL AUTO_INCREMENT,
  `type` varchar(255) COLLATE utf8mb4_unicode_ci NOT NULL DEFAULT 'red',
  `post_ru` varchar(255) COLLATE utf8mb4_unicode_ci DEFAULT NULL,
  `post_en` varchar(255) COLLATE utf8mb4_unicode_ci DEFAULT NULL,
  `position` int(11) NOT NULL DEFAULT '1',
  `user_id` int(10) unsigned DEFAULT NULL,
  PRIMARY KEY (`id`),
  KEY `redcols_user_id_foreign` (`user_id`),
  CONSTRAINT `redcols_user_id_foreign` FOREIGN KEY (`user_id`) REFERENCES `users` (`id`)
) ENGINE=InnoDB AUTO_INCREMENT=206 DEFAULT CHARSET=utf8mb4 COLLATE=utf8mb4_unicode_ci;
/*!40101 SET character_set_client = @saved_cs_client */;

--
-- Dumping data for table `redcols`
--

LOCK TABLES `redcols` WRITE;
/*!40000 ALTER TABLE `redcols` DISABLE KEYS */;
INSERT INTO `redcols` VALUES (147,'red','Главный редактор','Editor-in-chief',1,21),(148,'red','Заместитель главного редактора','Deputy editor-in-chief',2,127),(149,'red',NULL,NULL,3,12),(150,'red',NULL,NULL,4,24),(151,'red',NULL,NULL,5,172),(152,'red',NULL,NULL,6,195),(153,'red',NULL,NULL,7,714),(154,'red',NULL,NULL,8,41),(155,'red',NULL,NULL,9,44),(156,'red',NULL,NULL,10,763),(157,'red',NULL,NULL,11,719),(158,'red',NULL,NULL,12,255),(159,'red',NULL,NULL,13,364),(160,'red',NULL,NULL,14,106),(161,'red','Ответственный секретарь','Executive secretary',15,237),(162,'red','Редактор английских текстов','Proofreader',16,846),(163,'red','Литературный редактор','Literary Еditor',17,168),(164,'sovet',NULL,NULL,1,301),(165,'sovet',NULL,NULL,2,582),(166,'sovet',NULL,NULL,3,583),(167,'sovet',NULL,NULL,4,584),(168,'sovet',NULL,NULL,5,663),(169,'sovet',NULL,NULL,6,588),(170,'sovet',NULL,NULL,7,589),(171,'sovet',NULL,NULL,8,295),(172,'sovet',NULL,NULL,9,587),(173,'sovet',NULL,NULL,10,474),(174,'sovet',NULL,NULL,11,27),(175,'sovet',NULL,NULL,12,133),(176,'sovet',NULL,NULL,13,33),(177,'sovet',NULL,NULL,14,572),(178,'sovet',NULL,NULL,15,591),(179,'sovet',NULL,NULL,16,242),(180,'sovet',NULL,NULL,17,326),(181,'sovet',NULL,NULL,18,48),(182,'sovet',NULL,NULL,19,55),(183,'sovet',NULL,NULL,20,374),(184,'sovet',NULL,NULL,21,101),(185,'sovet',NULL,NULL,22,63),(186,'sovet',NULL,NULL,23,65),(187,'sovet',NULL,NULL,24,425),(188,'sovet',NULL,NULL,25,592),(189,'sovet',NULL,NULL,26,593),(190,'sovet',NULL,NULL,27,104),(191,'sovet',NULL,NULL,28,426),(192,'sovet',NULL,NULL,29,408),(193,'sovet',NULL,NULL,30,80),(194,'sovet',NULL,NULL,31,594),(195,'sovet',NULL,NULL,32,595),(196,'sovet',NULL,NULL,33,88),(197,'int-sovet',NULL,NULL,1,597),(198,'int-sovet',NULL,NULL,2,633),(199,'int-sovet',NULL,NULL,3,673),(200,'int-sovet',NULL,NULL,4,737),(201,'int-sovet',NULL,NULL,5,598),(202,'int-sovet',NULL,NULL,6,599),(203,'int-sovet',NULL,NULL,7,175),(204,'int-sovet',NULL,NULL,8,270),(205,'int-sovet',NULL,NULL,9,214);
/*!40000 ALTER TABLE `redcols` ENABLE KEYS */;
UNLOCK TABLES;

--
-- Table structure for table `status`
--

DROP TABLE IF EXISTS `status`;
/*!40101 SET @saved_cs_client     = @@character_set_client */;
/*!40101 SET character_set_client = utf8 */;
CREATE TABLE `status` (
  `id` int(10) unsigned NOT NULL AUTO_INCREMENT,
  `title_ru` varchar(255) COLLATE utf8mb4_unicode_ci NOT NULL,
  `title_en` varchar(255) COLLATE utf8mb4_unicode_ci NOT NULL,
  PRIMARY KEY (`id`)
) ENGINE=InnoDB AUTO_INCREMENT=3 DEFAULT CHARSET=utf8mb4 COLLATE=utf8mb4_unicode_ci;
/*!40101 SET character_set_client = @saved_cs_client */;

--
-- Dumping data for table `status`
--

LOCK TABLES `status` WRITE;
/*!40000 ALTER TABLE `status` DISABLE KEYS */;
INSERT INTO `status` VALUES (1,'Опубликована','public'),(2,'Черновик','private');
/*!40000 ALTER TABLE `status` ENABLE KEYS */;
UNLOCK TABLES;

--
-- Table structure for table `tags`
--

DROP TABLE IF EXISTS `tags`;
/*!40101 SET @saved_cs_client     = @@character_set_client */;
/*!40101 SET character_set_client = utf8 */;
CREATE TABLE `tags` (
  `id` int(10) unsigned NOT NULL AUTO_INCREMENT,
  `title_ru` varchar(255) COLLATE utf8mb4_unicode_ci NOT NULL,
  `title_en` varchar(255) COLLATE utf8mb4_unicode_ci NOT NULL,
  `alias` varchar(255) COLLATE utf8mb4_unicode_ci NOT NULL,
  `term_id` int(11) DEFAULT NULL,
  `created_at` timestamp NULL DEFAULT NULL,
  `updated_at` timestamp NULL DEFAULT NULL,
  `used_at` datetime DEFAULT NULL,
  PRIMARY KEY (`id`),
  UNIQUE KEY `tags_alias_unique` (`alias`)
) ENGINE=InnoDB DEFAULT CHARSET=utf8mb4 COLLATE=utf8mb4_unicode_ci;
/*!40101 SET character_set_client = @saved_cs_client */;

--
-- Dumping data for table `tags`
--

LOCK TABLES `tags` WRITE;
/*!40000 ALTER TABLE `tags` DISABLE KEYS */;
/*!40000 ALTER TABLE `tags` ENABLE KEYS */;
UNLOCK TABLES;

--
-- Table structure for table `user_job`
--

DROP TABLE IF EXISTS `user_job`;
/*!40101 SET @saved_cs_client     = @@character_set_client */;
/*!40101 SET character_set_client = utf8 */;
CREATE TABLE `user_job` (
  `id` int(10) unsigned NOT NULL AUTO_INCREMENT,
  `user_id` int(10) unsigned NOT NULL DEFAULT '1',
  `job_id` int(10) unsigned NOT NULL DEFAULT '1',
  PRIMARY KEY (`id`),
  KEY `user_job_user_id_foreign` (`user_id`),
  KEY `user_job_job_id_foreign` (`job_id`),
  CONSTRAINT `user_job_job_id_foreign` FOREIGN KEY (`job_id`) REFERENCES `jobs` (`id`) ON DELETE CASCADE ON UPDATE CASCADE,
  CONSTRAINT `user_job_user_id_foreign` FOREIGN KEY (`user_id`) REFERENCES `users` (`id`) ON DELETE CASCADE ON UPDATE CASCADE
) ENGINE=InnoDB DEFAULT CHARSET=utf8mb4 COLLATE=utf8mb4_unicode_ci;
/*!40101 SET character_set_client = @saved_cs_client */;

--
-- Dumping data for table `user_job`
--

LOCK TABLES `user_job` WRITE;
/*!40000 ALTER TABLE `user_job` DISABLE KEYS */;
/*!40000 ALTER TABLE `user_job` ENABLE KEYS */;
UNLOCK TABLES;

--
-- Table structure for table `users`
--

DROP TABLE IF EXISTS `users`;
/*!40101 SET @saved_cs_client     = @@character_set_client */;
/*!40101 SET character_set_client = utf8 */;
CREATE TABLE `users` (
  `id` int(10) unsigned NOT NULL AUTO_INCREMENT,
  `email` varchar(255) COLLATE utf8mb4_unicode_ci NOT NULL,
  `alias` varchar(255) COLLATE utf8mb4_unicode_ci NOT NULL,
  `password` varchar(255) COLLATE utf8mb4_unicode_ci NOT NULL,
  `api_token` varchar(80) COLLATE utf8mb4_unicode_ci DEFAULT NULL,
  `role` varchar(255) COLLATE utf8mb4_unicode_ci NOT NULL,
  `avatar` varchar(255) COLLATE utf8mb4_unicode_ci DEFAULT NULL,
  `remember_token` varchar(100) COLLATE utf8mb4_unicode_ci DEFAULT NULL,
  `created_at` timestamp NULL DEFAULT NULL,
  `updated_at` timestamp NULL DEFAULT NULL,
  `orcid` varchar(255) COLLATE utf8mb4_unicode_ci DEFAULT NULL,
  PRIMARY KEY (`id`),
  UNIQUE KEY `users_alias_unique` (`alias`),
  UNIQUE KEY `users_api_token_unique` (`api_token`)
) ENGINE=InnoDB AUTO_INCREMENT=857 DEFAULT CHARSET=utf8mb4 COLLATE=utf8mb4_unicode_ci;
/*!40101 SET character_set_client = @saved_cs_client */;

--
-- Dumping data for table `users`
--

LOCK TABLES `users` WRITE;
/*!40000 ALTER TABLE `users` DISABLE KEYS */;
INSERT INTO `users` VALUES (1,'admin@la.fr','admin','$2y$10$SzL5EjEU5sxkpXzRYQquKOtJzOfBTQILUAoWCm/fTEvOfyxyE3e7e','iWdqpCfpGNICjByRj4B4735mz6qi3vmJdObORVeiBXLgGb0t9VUrxTYEJ4cE','admin',NULL,'SD8svboesLNUls6cQSX1aGjAXUwqqgYnt4V7eS9V1Gn7EVpS0GG2Dzxh9LzD','2019-07-27 21:51:40','2019-07-27 21:51:40',NULL),(2,'redac@la.fr','redac','$2y$10$f.i0Oz0zSgXkSZ9TGGJpIuvsMYvcWlpcxXe4T4mH46JBy1r36VgXG',NULL,'redac',NULL,'8kSmR6iROR','2019-07-27 21:51:40','2019-07-27 21:51:40',NULL);
/*!40000 ALTER TABLE `users` ENABLE KEYS */;
UNLOCK TABLES;
/*!40103 SET TIME_ZONE=@OLD_TIME_ZONE */;

/*!40101 SET SQL_MODE=@OLD_SQL_MODE */;
/*!40014 SET FOREIGN_KEY_CHECKS=@OLD_FOREIGN_KEY_CHECKS */;
/*!40014 SET UNIQUE_CHECKS=@OLD_UNIQUE_CHECKS */;
/*!40101 SET CHARACTER_SET_CLIENT=@OLD_CHARACTER_SET_CLIENT */;
/*!40101 SET CHARACTER_SET_RESULTS=@OLD_CHARACTER_SET_RESULTS */;
/*!40101 SET COLLATION_CONNECTION=@OLD_COLLATION_CONNECTION */;
/*!40111 SET SQL_NOTES=@OLD_SQL_NOTES */;

-- Dump completed on 2019-09-29 12:34:46
